ID|USER|TARGET|MENTION|POLARITY|INFO|MESSAGE|TAGGED
"209002261655986000"|Teste|"player"|"1098"|0|"; sentiTokens:; score:0;;;"|"Qual era mesmo aquela #hastag dos espanh√≥is para o Coentr√£o?"|"Qual era mesmo aquela #hastag dos espanh√≥is para o Coentr√£o?"
"209002273542647000"|Teste|"player"|"1098"|0|"; sentiTokens:; score:0;;;"|"N√£o se esque√ßam que nesta m*rda de defesa est√° o vosso amor Coentr√£o"|"N√£o se esque√ßam que nesta m*rda de defesa est√° o vosso amor Coentr√£o"
"209013627624239000"|Teste|"player"|"1098"|0|"; sentiTokens:; score:0;;;Positive Interjection:  vai ;Negative Interjection:  oh ;"|"RT @katyfromhell: Oh @filipaclaro vai socorrer o teu Coentr√£o! :o"|"RT @katyfromhell: Oh @filipaclaro vai socorrer o teu Coentr√£o! :o"
"209013166011711000"|Teste|"player"|"1098"|0|"; sentiTokens:; score:0;;;"|"turquia, joss, stone e coentr√£o √© tend√™ncia em Portugal http://t.co/1KttZoBt"|"turquia, joss, stone e coentr√£o √© tend√™ncia em Portugal http://t.co/1KttZoBt"
"209025935918370000"|Teste|"player"|"1098"|0|"; sentiTokens:; score:0;;;"|"RT @jorgetavaresONE: O trabalho de equipa est√° a subir. O Coentr√£o desta vez j√° girou a ganza pelos seus restantes companheiros ! #teamwork"|"RT @jorgetavaresONE: O trabalho de equipa est√° a subir. O Coentr√£o desta vez j√° girou a ganza pelos seus restantes companheiros ! #teamwork"
"209002393130635000"|Teste|"player"|"1098"|0|"; sentiTokens:; score:0;;;"|"Qual era mesmo aquela #hashtag dos espanh√≥is para o Coentr√£o?"|"Qual era mesmo aquela #hashtag dos espanh√≥is para o Coentr√£o?"
"209002714720518000"|Teste|"player"|"1098"|0|"; sentiTokens:; score:0;;;"|"#silocomparasconcoentrao RT @ValeriePT: Qual era mesmo aquela #hastag dos espanh√≥is para o Coentr√£o?"|"#silocomparasconcoentrao RT @ValeriePT: Qual era mesmo aquela #hastag dos espanh√≥is para o Coentr√£o?"
"208998915675131000"|Teste|"player"|"1098"|0|"; sentiTokens:; score:0;;;"|"RT @CristianaRelvao: F√°bio Coentr√£o #OrgulhoNacional"|"RT @CristianaRelvao: F√°bio Coentr√£o #OrgulhoNacional"
"208999062425436000"|Teste|"player"|"1098"|0|"; sentiTokens:; score:0;;;"|"O p√∫blico n√£o esquece Coentr√£o ..."|"O p√∫blico n√£o esquece Coentr√£o ..."
"208999074282733000"|Teste|"player"|"1098"|0|"; sentiTokens:; score:0;;;"|"O Coentr√£o voltou, vamos a ver se foi s√≥ uma dor moment√¢nea ou se foi mais grave..."|"O Coentr√£o voltou, vamos a ver se foi s√≥ uma dor moment√¢nea ou se foi mais grave..."
"208998802827378000"|Teste|"player"|"1098"|0|"; sentiTokens:; score:0;;;"|"F√°bio Coentr√£o #OrgulhoNacional"|"F√°bio Coentr√£o #OrgulhoNacional"
"208998810775588000"|Teste|"player"|"1098"|0|"; sentiTokens:; score:0;;;"|"Mais vale o Coentr√£o sair agora e poupar-se para o Euro do que continuar e rebentar."|"Mais vale o Coentr√£o sair agora e poupar-se para o Euro do que continuar e rebentar."
"208998812042272000"|Teste|"player"|"1098"|0|"; sentiTokens:; score:0;;;"|"que raio se passa com o Coentr√£o?"|"que raio se passa com o Coentr√£o?"
"209008151213785000"|Teste|"player"|"1098"|0|"; sentiTokens:; score:0;;;"|"o coentr√£o desaprendeu de jogar.."|"o coentr√£o desaprendeu de jogar.."
"209021723348172000"|Teste|"player"|"1098"|0|"; sentiTokens:; score:0;;;"|"@mcorais O Coentrao √© do Benfica..."|"@mcorais O Coentrao √© do Benfica..."
"209003517078290000"|Teste|"player"|"1098"|0|"; sentiTokens:; score:0;;;"|"RT @portugoaldotnet: Coentr√£o vented anger to Patr√≠cio on goal, but whole defence guilty of looking at each other rather than ball."|"RT @portugoaldotnet: Coentr√£o vented anger to Patr√≠cio on goal, but whole defence guilty of looking at each other rather than ball."
"209003530516836000"|Teste|"player"|"1098"|0|"; sentiTokens:; score:0;;;"|"Raios parta Coentr√£o. Tu hj s√≥ fazes porcaria‚Ä¶"|"Raios parta Coentr√£o. Tu hj s√≥ fazes porcaria‚Ä¶"
"209018245586497000"|Teste|"player"|"1098"|0|"; sentiTokens:; score:0;;;"|"Parece q nunca jogaram juntos; nem o Coentr√£o com o Ronaldo"|"Parece q nunca jogaram juntos; nem o Coentr√£o com o Ronaldo"
"209017716684763000"|Teste|"player"|"1098"|0|"; sentiTokens:; score:0;;;"|"Nani, CR7, Coentr√£o, Beto e Bento RT @ricardoboleo: Cinco portugueses nomeados para o Pr√©mio PT Literatura 2012 http://t.co/R5sJMdnC"|"Nani, CR7, Coentr√£o, Beto e Bento RT @ricardoboleo: Cinco portugueses nomeados para o Pr√©mio PT Literatura 2012 http://t.co/R5sJMdnC"
"208998675312148000"|Teste|"player"|"1098"|0|"; sentiTokens:; score:0;;;"|"Tudo menos o Fabio Coentrao se lesionar"|"Tudo menos o Fabio Coentrao se lesionar"
"209013911742201000"|Teste|"player"|"1098"|0|"; sentiTokens:; score:0;;;"|"RT @TrendsPortugal: turquia, joss, stone e coentr√£o √© tend√™ncia em Portugal http://t.co/1KttZoBt"|"RT @TrendsPortugal: turquia, joss, stone e coentr√£o √© tend√™ncia em Portugal http://t.co/1KttZoBt"
"209021203858460000"|Teste|"player"|"1098"|0|"; sentiTokens:; score:0;;;"|"@raminhoseffect E o Coentr√£o ? E o Ronaldo ? N√£o percebes nada de carros. E de futebol, zero."|"@raminhoseffect E o Coentr√£o ? E o Ronaldo ? N√£o percebes nada de carros. E de futebol, zero."
"209021241674309000"|Teste|"player"|"1098"|0|"; sentiTokens:; score:0;;;"|"O trabalho de equipa est√° a subir. O Coentr√£o desta vez j√° girou a ganza pelos seus restantes companheiros ! #teamwork"|"O trabalho de equipa est√° a subir. O Coentr√£o desta vez j√° girou a ganza pelos seus restantes companheiros ! #teamwork"
"208996839435931000"|Teste|"player"|"1098"|0|"; sentiTokens:; score:0;;;"|"RT @anafilipag: Ningu√©m p√°ra o Coentr√£o no Est√°dio da Luz!"|"RT @anafilipag: Ningu√©m p√°ra o Coentr√£o no Est√°dio da Luz!"
"208998539706114000"|Teste|"player"|"1098"|0|"; sentiTokens:; score:0;;;Positive Interjection:  vai ;Negative Interjection: oh ;"|"Oh @filipaclaro vai socorrer o teu Coentr√£o! :o"|"Oh @filipaclaro vai socorrer o teu Coentr√£o! :o"
"208998455371251000"|Teste|"player"|"1098"|0|"; sentiTokens:; score:0;;;"|"Pronto, Coentr√£o para o Estaleiro."|"Pronto, Coentr√£o para o Estaleiro."
"208998466158989000"|Teste|"player"|"1098"|0|"; sentiTokens:; score:0;;;"|"Ai nao, nao lesionem o Coentr√£o :o"|"Ai nao, nao lesionem o Coentr√£o :o"
"208998474555981000"|Teste|"player"|"1098"|0|"; sentiTokens:; score:0;;;"|"olha queres ver o Coentr√£o a foder-se ? ohhhhhh p√°√°√°√°"|"olha queres ver o Coentr√£o a foder-se ? ohhhhhh p√°√°√°√°"
"208999398116560000"|Teste|"player"|"1098"|0|"; sentiTokens:; score:0;;;"|"RT @SaraDAlves: O p√∫blico n√£o esquece F√°bio Coentr√£o. - Depois de uma √©poca inteira a ver um Emerson, queriam o qu√™? Nossa, que saud ..."|"RT @SaraDAlves: O p√∫blico n√£o esquece F√°bio Coentr√£o. - Depois de uma √©poca inteira a ver um Emerson, queriam o qu√™? Nossa, que saud ..."
"208999183942815000"|Teste|"player"|"1098"|0|"; sentiTokens:; score:0;;;"|"RT @SaraDAlves: O p√∫blico n√£o esquece F√°bio Coentr√£o. - Depois de uma √©poca inteira a ver um Emerson, queriam o qu√™? Nossa, que saud ..."|"RT @SaraDAlves: O p√∫blico n√£o esquece F√°bio Coentr√£o. - Depois de uma √©poca inteira a ver um Emerson, queriam o qu√™? Nossa, que saud ..."
"209030076728221000"|Teste|"player"|"1098"|0|"; sentiTokens:; score:0;;;"|"O Coentr√£o ainda esta se a perguntar porque custou 30 milh√µes de euros."|"O Coentr√£o ainda esta se a perguntar porque custou 30 milh√µes de euros."
"209057740411248000"|Teste|"player"|"1098"|0|"; sentiTokens:; score:0;;;"|"#FootballersILove Cristinao Ronaldo; David Luiz; Javi Garcia; Casillas; F√°bio Coentr√£o; Nani; Ramos; Nolito; D√≠ Maria; Artur; Agu√´ro..."|"#FootballersILove Cristinao Ronaldo; David Luiz; Javi Garcia; Casillas; F√°bio Coentr√£o; Nani; Ramos; Nolito; D√≠ Maria; Artur; Agu√´ro..."
"209234520229163000"|Teste|"player"|"3432"|0|"; sentiTokens:; score:0;;;"|"@nuno_mad Contra a alem√£es e holandeses, cust√≥dio a titular e apostava no Ronaldo a 9 com a entrada do quaresma ou varela."|"@nuno_mad Contra a alem√£es e holandeses, cust√≥dio a titular e apostava no Ronaldo a 9 com a entrada do quaresma ou varela."
"209323375653421000"|Teste|"player"|"3432"|0|"; sentiTokens:; score:0;;;"|"Lindsay Dee Lohan-fan, Ricardo Teixeira, Catarina Varela, Beatriz Silva, Michelle Yeater, In√™s Carvalho, Mi∆ñey... http://t.co/4RKOondz"|"Lindsay Dee Lohan-fan, Ricardo Teixeira, Catarina Varela, Beatriz Silva, Michelle Yeater, In√™s Carvalho, Mi∆ñey... http://t.co/4RKOondz"
"209004916960796000"|Teste|"player"|"198"|0|"; sentiTokens:; score:0;;;"|"O CR7 tem um corte √† Paulo Bento?"|"O CR7 tem um corte √† Paulo Bento?"
"209004971226710000"|Teste|"player"|"198"|0|"; sentiTokens:; score:0;;;"|"@Cristiano Ronaldo que p... de v√≠rgula .."|"@Cristiano Ronaldo que p... de v√≠rgula .."
"209004967762206000"|Teste|"player"|"198"|0|"; sentiTokens:; score:0;;;"|"√â um crime o CR7 numa selec√ß√£o destas!!!"|"√â um crime o CR7 numa selec√ß√£o destas!!!"
"209024394285170000"|Teste|"player"|"198"|0|"; sentiTokens:; score:0;;;"|"Desde 2004 (2004 meus amigos) que o digo. O Cristiano Ronaldo n√£o quer saber da selec√ß√£o para nada. E √© apenas... http://t.co/OJswFVs3"|"Desde 2004 (2004 meus amigos) que o digo. O Cristiano Ronaldo n√£o quer saber da selec√ß√£o para nada. E √© apenas... http://t.co/OJswFVs3"
"209024690495307000"|Teste|"player"|"198"|0|"; sentiTokens:; score:0;;;"|"@WorldCR7_ tem raz√£o vai levar uma #Surra. mas com CR7 neh quem sabe,,hehehe"|"@WorldCR7_ tem raz√£o vai levar uma #Surra. mas com CR7 neh quem sabe,,hehehe"
"209024243227312000"|Teste|"player"|"198"|0|"; sentiTokens:; score:0;;;"|"@Cristiano ronaldo OUT <> Volkan ƒ∞N @1VolkanDEMIREL      #1VolkandirMilliTakim"|"@Cristiano ronaldo OUT <> Volkan ƒ∞N @1VolkanDEMIREL      #1VolkandirMilliTakim"
"209009793254424000"|Teste|"player"|"198"|0|"; sentiTokens:; score:0;;;"|"Est√£o a fazer um forcing para o #cr7 marcar que n√£o √© brincadeira"|"Est√£o a fazer um forcing para o #cr7 marcar que n√£o √© brincadeira"
"209014599423492000"|Teste|"player"|"198"|0|"; sentiTokens:; score:0;;;"|"RT @mrpeartree: Cr7 parece o Cardozo a marcar penaltis"|"RT @mrpeartree: Cr7 parece o Cardozo a marcar penaltis"
"209014985173630000"|Teste|"player"|"198"|0|"; sentiTokens:; score:0;;;"|"@omalestafeito se calhar naturalizavamos o messi para motivar o cristiano ronaldo!!!"|"@omalestafeito se calhar naturalizavamos o messi para motivar o cristiano ronaldo!!!"
"209014987165929000"|Teste|"player"|"198"|0|"; sentiTokens:; score:0;;;"|"@Cristiano Ronaldonun @Alex10combr.  ten penalti dersleri almaya baslamasi lazim artik.."|"@Cristiano Ronaldonun @Alex10combr.  ten penalti dersleri almaya baslamasi lazim artik.."
"209014904785616000"|Teste|"player"|"198"|0|"; sentiTokens:; score:0;;;"|"Porta metam a Irina nas bancadas. #CR7 #irinapakova !"|"Porta metam a Irina nas bancadas. #CR7 #irinapakova !"
"209015202308571000"|Teste|"player"|"198"|0|"; sentiTokens:; score:0;;;"|"Twitter oficial de Cristiano Ronaldo --> @boloposte"|"Twitter oficial de Cristiano Ronaldo --> @boloposte"
"209022602998583000"|Teste|"player"|"198"|0|"; sentiTokens:; score:0;;;"|"CRISTIANO RONALDO CRISTIANO RONALDO CRISTIANO RONALDO CRISTIANO RONALDO CRISTIANO RONALDO CRISTIANO RONALDO CRISTIANO RONALDO"|"CRISTIANO RONALDO CRISTIANO RONALDO CRISTIANO RONALDO CRISTIANO RONALDO CRISTIANO RONALDO CRISTIANO RONALDO CRISTIANO RONALDO"
"209022640206258000"|Teste|"player"|"198"|0|"; sentiTokens:; score:0;;;"|"Man of the match: cabelo do Cristiano Ronaldo."|"Man of the match: cabelo do Cristiano Ronaldo."
"208999096520937000"|Teste|"player"|"198"|0|"; sentiTokens:; score:0;;;"|"aveiro? RT @Apdeites: CR7 l√° vai fazendo jus ao apelido..."|"aveiro? RT @Apdeites: CR7 l√° vai fazendo jus ao apelido..."
"209016093740761000"|Teste|"player"|"198"|0|"; sentiTokens:; score:0;;;"|"@anaf_maia H√° uma virgula do CR7 na 1 parte. Uiiii..."|"@anaf_maia H√° uma virgula do CR7 na 1 parte. Uiiii..."
"209003795693314000"|Teste|"player"|"198"|0|"; sentiTokens:; score:0;;;"|"Portugal √© CR7"|"Portugal √© CR7"
"209004205032210000"|Teste|"player"|"198"|0|"; sentiTokens:; score:0;;;"|"Um t√∫nelzito que CR7 trouxe da Madeira. H√° tantos..."|"Um t√∫nelzito que CR7 trouxe da Madeira. H√° tantos..."
"209003952434462000"|Teste|"player"|"198"|0|"; sentiTokens:; score:0;;;"|"Magia do CR7 seguido de remate √† pen√°lti de S√©rgio Ramos... aiai #portugal"|"Magia do CR7 seguido de remate √† pen√°lti de S√©rgio Ramos... aiai #portugal"
"209004298254815000"|Teste|"player"|"198"|0|"; sentiTokens:; score:0;;;"|"RT @pfigas: Um t√∫nelzito que CR7 trouxe da Madeira. H√° tantos..."|"RT @pfigas: Um t√∫nelzito que CR7 trouxe da Madeira. H√° tantos..."
"209003840509456000"|Teste|"player"|"198"|0|"; sentiTokens:; score:0;;;"|"#sele√ß√£o CR7 Ol√©!!!"|"#sele√ß√£o CR7 Ol√©!!!"
"209011633903779000"|Teste|"player"|"198"|0|"; sentiTokens:; score:0;;;"|"@JoseDePina principalmente o cr7"|"@JoseDePina principalmente o cr7"
"209017716684763000"|Teste|"player"|"198"|0|"; sentiTokens:; score:0;;;"|"Nani, CR7, Coentr√£o, Beto e Bento RT @ricardoboleo: Cinco portugueses nomeados para o Pr√©mio PT Literatura 2012 http://t.co/R5sJMdnC"|"Nani, CR7, Coentr√£o, Beto e Bento RT @ricardoboleo: Cinco portugueses nomeados para o Pr√©mio PT Literatura 2012 http://t.co/R5sJMdnC"
"209014327880060000"|Teste|"player"|"198"|0|"; sentiTokens:; score:0;;;"|"Nope RT E agora... ser√° q acerta? CR7"|"Nope RT E agora... ser√° q acerta? CR7"
"209014152885321000"|Teste|"player"|"198"|0|"; sentiTokens:; score:0;;;"|"E agora... ser√° q acerta? CR7"|"E agora... ser√° q acerta? CR7"
"209014035365105000"|Teste|"player"|"198"|0|"; sentiTokens:; score:0;;;"|"O CR7 tem um lanho na cabe√ßa ou √© mesmo do penteado?"|"O CR7 tem um lanho na cabe√ßa ou √© mesmo do penteado?"
"209006574734278000"|Teste|"player"|"198"|0|"; sentiTokens:; score:0;;;"|"e que a unica coisa que se ve e um cristiano ronaldo a jogar por ele e por todos os outros, vemos a holanda que vai estar no mesmo grupo"|"e que a unica coisa que se ve e um cristiano ronaldo a jogar por ele e por todos os outros, vemos a holanda que vai estar no mesmo grupo"
"209006630191370000"|Teste|"player"|"198"|0|"; sentiTokens:; score:0;;;"|"O CR7 s√≥ quer calcanhares e virgulas e marcar ? NADA !"|"O CR7 s√≥ quer calcanhares e virgulas e marcar ? NADA !"
"209020287084265000"|Teste|"player"|"198"|0|"; sentiTokens:; score:0;;;"|"Gooooooooolo Turko mama CR7"|"Gooooooooolo Turko mama CR7"
"209019946762641000"|Teste|"player"|"198"|0|"; sentiTokens:; score:0;;;"|"RT @CBraddell: O cabelo do Cristiano Ronaldo √© qlqr coisa... #muitobimbo"|"RT @CBraddell: O cabelo do Cristiano Ronaldo √© qlqr coisa... #muitobimbo"
"208998553643790000"|Teste|"player"|"198"|0|"; sentiTokens:; score:0;;;"|"Esse cabelo do cristiano ronaldo mata tudo"|"Esse cabelo do cristiano ronaldo mata tudo"
"209028758097772000"|Teste|"player"|"198"|0|"; sentiTokens:; score:0;;;"|"O drible que Cristiano Ronaldo fez durante a partida j√° corre a internet! Rev√™ aqui o video! http://t.co/vGo10iW9"|"O drible que Cristiano Ronaldo fez durante a partida j√° corre a internet! Rev√™ aqui o video! http://t.co/vGo10iW9"
"209041096536371000"|Teste|"player"|"198"|0|"; sentiTokens:; score:0;;;"|"Vou dizer uma cena: o CR7 parece que tinha sido lambido por uma vaca."|"Vou dizer uma cena: o CR7 parece que tinha sido lambido por uma vaca."
"209041129637810000"|Teste|"player"|"198"|0|"; sentiTokens:; score:0;;;"|"RT @tvi24_iol: Portugal-Turquia, 1-3 (reportagem): Cristiano Ronaldo: ¬´Quero √© ajudar a sele√ß√£o¬ª http://t.co/obJ18CgB"|"RT @tvi24_iol: Portugal-Turquia, 1-3 (reportagem): Cristiano Ronaldo: ¬´Quero √© ajudar a sele√ß√£o¬ª http://t.co/obJ18CgB"
"209047740070641000"|Teste|"player"|"198"|0|"; sentiTokens:; score:0;;;"|"#FootballersILove CRISTIANO RONALDO."|"#FootballersILove CRISTIANO RONALDO."
"209029893596528000"|Teste|"player"|"198"|0|"; sentiTokens:; score:0;;;"|"Cortar a palavra ao Bento, para ver o que o CR7 diz do penalti..."|"Cortar a palavra ao Bento, para ver o que o CR7 diz do penalti..."
"209048048213565000"|Teste|"player"|"198"|0|"; sentiTokens:; score:0;;;"|"RT @ritapdafonseca: #FootballersILove CRISTIANO RONALDO."|"RT @ritapdafonseca: #FootballersILove CRISTIANO RONALDO."
"209037213382610000"|Teste|"player"|"198"|0|"; sentiTokens:; score:0;;;"|"[+Futebol] Cristiano Ronaldo: ¬´Quero √© ajudar a sele√ß√£o¬ª: Portugal-Turquia, 1-3 (reportagem) http://t.co/C46OUqaJ"|"[+Futebol] Cristiano Ronaldo: ¬´Quero √© ajudar a sele√ß√£o¬ª: Portugal-Turquia, 1-3 (reportagem) http://t.co/C46OUqaJ"
"209037316617011000"|Teste|"player"|"198"|0|"; sentiTokens:; score:0;;;"|"Portugal-Turquia, 1-3 (reportagem): Cristiano Ronaldo: ¬´Quero √© ajudar a sele√ß√£o¬ª http://t.co/obJ18CgB"|"Portugal-Turquia, 1-3 (reportagem): Cristiano Ronaldo: ¬´Quero √© ajudar a sele√ß√£o¬ª http://t.co/obJ18CgB"
"209051089163661000"|Teste|"player"|"198"|0|"; sentiTokens:; score:0;;;"|"O Cristiano Ronaldo e o Bryan Adams foram ao mesmo cabeleireiro? (damn you autocorrect)"|"O Cristiano Ronaldo e o Bryan Adams foram ao mesmo cabeleireiro? (damn you autocorrect)"
"209048623747571000"|Teste|"player"|"198"|0|"; sentiTokens:; score:0;;;"|"RT @ritapdafonseca: #FootballersILove CRISTIANO RONALDO."|"RT @ritapdafonseca: #FootballersILove CRISTIANO RONALDO."
"209050555090345000"|Teste|"player"|"198"|0|"; sentiTokens:; score:0;;;"|"#FootballersILove Cristiano Ronaldo, Nani,...."|"#FootballersILove Cristiano Ronaldo, Nani,...."
"209075290729758000"|Teste|"player"|"198"|0|"; sentiTokens:; score:0;;;"|"E Portugal hoje confirmou a minha teoria: Todos os jovens portugueses querem ser Cristiano Ronaldo, ningu√©m quer ser Pauleta ou Nuno Gomes"|"E Portugal hoje confirmou a minha teoria: Todos os jovens portugueses querem ser Cristiano Ronaldo, ningu√©m quer ser Pauleta ou Nuno Gomes"
"209086043071320000"|Teste|"player"|"198"|0|"; sentiTokens:; score:0;;;"|"Jogo da vida - Cristina Ferreira: ¬´Aposto no Cristiano Ronaldo¬ª http://t.co/DKLvSrPF"|"Jogo da vida - Cristina Ferreira: ¬´Aposto no Cristiano Ronaldo¬ª http://t.co/DKLvSrPF"
"209132458082451000"|Teste|"player"|"198"|0|"; sentiTokens:; score:0;;;"|"@Cristiano Ronaldo Gagal Penalti, @Portugal Ditaklukkan Turki 1-3 http://t.co/iYtmKQuM \ #VivaRonaldo \ #ForcaPortugal"|"@Cristiano Ronaldo Gagal Penalti, @Portugal Ditaklukkan Turki 1-3 http://t.co/iYtmKQuM \ #VivaRonaldo \ #ForcaPortugal"
"209199237207044000"|Teste|"player"|"198"|0|"; sentiTokens:; score:0;;;"|"RT @Record_Portugal: Jogo da vida - Cristina Ferreira: ¬´Aposto no Cristiano Ronaldo¬ª http://t.co/DKLvSrPF"|"RT @Record_Portugal: Jogo da vida - Cristina Ferreira: ¬´Aposto no Cristiano Ronaldo¬ª http://t.co/DKLvSrPF"
"209197557342146000"|Teste|"player"|"198"|0|"; sentiTokens:; score:0;;;"|"#record Chegou a hora de Nani: Ofacto de ter nascido contempor√¢neo de Cristiano Ronaldo vai, muito provavelmente... http://t.co/3ke6rJSw"|"#record Chegou a hora de Nani: Ofacto de ter nascido contempor√¢neo de Cristiano Ronaldo vai, muito provavelmente... http://t.co/3ke6rJSw"
"209229476746362000"|Teste|"player"|"198"|0|"; sentiTokens:; score:0;;;"|"Por favor parem de colocar fotos no Twitter do Cristiano Ronaldo.Depois do que se passou ontem, eu n√£o o posso ver nem pintado de ouro."|"Por favor parem de colocar fotos no Twitter do Cristiano Ronaldo.Depois do que se passou ontem, eu n√£o o posso ver nem pintado de ouro."
"209213634503651000"|Teste|"player"|"198"|0|"; sentiTokens:; score:0;;;"|"Jogo da vida - Cristina Ferreira: ¬´Aposto no Cristiano Ronaldo¬ª http://t.co/DKLvSrPF"|"Jogo da vida - Cristina Ferreira: ¬´Aposto no Cristiano Ronaldo¬ª http://t.co/DKLvSrPF"
"209255278665932000"|Teste|"player"|"198"|0|"; sentiTokens:; score:0;;;"|"Mas cada vez que olho para a tv tenho de ver o Cristiano Ronaldo? Argh!"|"Mas cada vez que olho para a tv tenho de ver o Cristiano Ronaldo? Argh!"
"209191277735055000"|Teste|"player"|"198"|0|"; sentiTokens:; score:0;;;"|"@Cristiano ronaldo RT @GueTanyaYuk: #TanyaYuk Cristiano Ronaldo/Fabregas ?"|"@Cristiano ronaldo RT @GueTanyaYuk: #TanyaYuk Cristiano Ronaldo/Fabregas ?"
"209304006315606000"|Teste|"player"|"198"|0|"; sentiTokens:; score:0;;;"|"o urban beach vai abrir uma sec√ß√£o de saltos para a √°gua em colabora√ß√£o com o cristiano ronaldo."|"o urban beach vai abrir uma sec√ß√£o de saltos para a √°gua em colabora√ß√£o com o cristiano ronaldo."
"209333202605719000"|Teste|"player"|"198"|0|"; sentiTokens:; score:0;;;"|"#zerozero Messi ou Ronaldo? ¬´Drogba¬ª, diz Capello:   Fabio Capello assume que Messi e Cristiano Ronaldo fizeram ... http://t.co/Jw39FYI1"|"#zerozero Messi ou Ronaldo? ¬´Drogba¬ª, diz Capello:   Fabio Capello assume que Messi e Cristiano Ronaldo fizeram ... http://t.co/Jw39FYI1"
"209333200781185000"|Teste|"player"|"198"|0|"; sentiTokens:; score:0;;;"|"[ZeroZero] Messi ou Ronaldo? ¬´Drogba¬ª, diz Capello:   Fabio Capello assume que Messi e Cristiano Ronaldo fizeram... http://t.co/iootAxHu"|"[ZeroZero] Messi ou Ronaldo? ¬´Drogba¬ª, diz Capello:   Fabio Capello assume que Messi e Cristiano Ronaldo fizeram... http://t.co/iootAxHu"
"209304484558553000"|Teste|"player"|"198"|0|"; sentiTokens:; score:0;;;"|"RT @RubenMateus: o urban beach vai abrir uma sec√ß√£o de saltos para a √°gua em colabora√ß√£o com o cristiano ronaldo."|"RT @RubenMateus: o urban beach vai abrir uma sec√ß√£o de saltos para a √°gua em colabora√ß√£o com o cristiano ronaldo."
"209269604235743000"|Teste|"player"|"198"|0|"; sentiTokens:; score:0;;;"|"RT @nessfromvenus: Mas cada vez que olho para a tv tenho de ver o Cristiano Ronaldo? Argh!"|"RT @nessfromvenus: Mas cada vez que olho para a tv tenho de ver o Cristiano Ronaldo? Argh!"
"209315423617945000"|Teste|"player"|"198"|0|"; sentiTokens:; score:0;;;"|"@Cristiano ronaldo"|"@Cristiano ronaldo"
"209315705458409000"|Teste|"player"|"198"|0|"; sentiTokens:; score:0;;;"|"@Cristiano ronaldo"|"@Cristiano ronaldo"
"209324841575260000"|Teste|"player"|"198"|0|"; sentiTokens:; score:0;;;"|"Cristiano Ronaldo: Inter tentou contrat√°-lo, mas atrasou-se... - Relvado: Cristiano Ronaldo: Inter tentou contra... http://t.co/ipAKjdOl"|"Cristiano Ronaldo: Inter tentou contrat√°-lo, mas atrasou-se... - Relvado: Cristiano Ronaldo: Inter tentou contra... http://t.co/ipAKjdOl"
"209325624987365000"|Teste|"player"|"198"|0|"; sentiTokens:; score:0;;;"|"#relvado Cristiano Ronaldo: Inter tentou contrat√°-lo, mas atrasou-se...: O Inter de Mil√£o‚Ä¶ http://t.co/A0EN1ucX"|"#relvado Cristiano Ronaldo: Inter tentou contrat√°-lo, mas atrasou-se...: O Inter de Mil√£o‚Ä¶ http://t.co/A0EN1ucX"
"209334435366187000"|Teste|"player"|"198"|0|"; sentiTokens:; score:0;;;"|"Desporto - Messi ou Ronaldo? ¬´Drogba¬ª, diz Capello:   Fabio Capello assume que Messi e Cristiano Ronaldo fizeram... http://t.co/yfTFqsDR"|"Desporto - Messi ou Ronaldo? ¬´Drogba¬ª, diz Capello:   Fabio Capello assume que Messi e Cristiano Ronaldo fizeram... http://t.co/yfTFqsDR"
"209005242736574000"|Teste|"player"|"3828"|0|"; sentiTokens:; score:0;;;"|"Metem o Nelson Oliveira!"|"Metem o Nelson Oliveira!"
"209005136134156000"|Teste|"player"|"3828"|0|"; sentiTokens:; score:0;;;"|"Se o N√©lson Oliveira estivesse a jogar no lugar do Hugo Almeida, Portugal j√° estava a golear."|"Se o N√©lson Oliveira estivesse a jogar no lugar do Hugo Almeida, Portugal j√° estava a golear."
"209004772278272000"|Teste|"player"|"3828"|0|"; sentiTokens:; score:0;;;"|"Jogadores mais falados na minha timeline: postiga, Nelson Oliveira, pauleta, Jo√£o Tom√°s."|"Jogadores mais falados na minha timeline: postiga, Nelson Oliveira, pauleta, Jo√£o Tom√°s."
"209005454280499000"|Teste|"player"|"3828"|0|"; sentiTokens:; score:0;;;"|"RT @Afon5o: Se o N√©lson Oliveira estivesse a jogar no lugar do Hugo Almeida, Portugal j√° estava a golear."|"RT @Afon5o: Se o N√©lson Oliveira estivesse a jogar no lugar do Hugo Almeida, Portugal j√° estava a golear."
"209015514612236000"|Teste|"player"|"3828"|0|"; sentiTokens:; score:0;;;"|"Meter Nelson Oliveira a 10 min do fim √© t√£o JJ"|"Meter Nelson Oliveira a 10 min do fim √© t√£o JJ"
"209015617787920000"|Teste|"player"|"3828"|0|"; sentiTokens:; score:0;;;"|"RT @Phiiiiills: Meter Nelson Oliveira a 10 min do fim √© t√£o JJ"|"RT @Phiiiiills: Meter Nelson Oliveira a 10 min do fim √© t√£o JJ"
"209014901153349000"|Teste|"player"|"3828"|0|"; sentiTokens:; score:0;;;"|"@batebarbas eheheh, tem o Nelson Oliveira!"|"@batebarbas eheheh, tem o Nelson Oliveira!"
"209016285214945000"|Teste|"player"|"3828"|0|"; sentiTokens:; score:0;;;"|"Finalmente! Hugo Almeida sai! Nelson Oliveira para entrar!"|"Finalmente! Hugo Almeida sai! Nelson Oliveira para entrar!"
"209016291401547000"|Teste|"player"|"3828"|0|"; sentiTokens:; score:0;;;"|"Entra N√©lson Oliveira, e o povo fica em √™xtase!"|"Entra N√©lson Oliveira, e o povo fica em √™xtase!"
"209016308170358000"|Teste|"player"|"3828"|0|"; sentiTokens:; score:0;;;"|"Finalmente entra o N√©lson Oliveira!"|"Finalmente entra o N√©lson Oliveira!"
"209016317724983000"|Teste|"player"|"3828"|0|"; sentiTokens:; score:0;;;"|"Mas o Nelson Oliveira marcou?"|"Mas o Nelson Oliveira marcou?"
"209016328454029000"|Teste|"player"|"3828"|0|"; sentiTokens:; score:0;;;"|"vamos Nelson Oliveira"|"vamos Nelson Oliveira"
"209016391850926000"|Teste|"player"|"3828"|0|"; sentiTokens:; score:0;;;"|"RT @Afon5o: Entra N√©lson Oliveira, e o povo fica em √™xtase!"|"RT @Afon5o: Entra N√©lson Oliveira, e o povo fica em √™xtase!"
"209016393054691000"|Teste|"player"|"3828"|0|"; sentiTokens:; score:0;;;"|"RT @Peixoto74: vamos Nelson Oliveira"|"RT @Peixoto74: vamos Nelson Oliveira"
"209015624565932000"|Teste|"player"|"3828"|0|"; sentiTokens:; score:0;;;"|"RT @Phiiiiills: Meter Nelson Oliveira a 10 min do fim √© t√£o JJ"|"RT @Phiiiiills: Meter Nelson Oliveira a 10 min do fim √© t√£o JJ"
"209021455499923000"|Teste|"player"|"3828"|0|"; sentiTokens:; score:0;;;"|"Esta jogada do Nelson Oliveira costuma valer."|"Esta jogada do Nelson Oliveira costuma valer."
"209021654859382000"|Teste|"player"|"3828"|0|"; sentiTokens:; score:0;;;"|"Ent√£o a esperan√ßa Nelson Oliveira ?"|"Ent√£o a esperan√ßa Nelson Oliveira ?"
"209021635242635000"|Teste|"player"|"3828"|0|"; sentiTokens:; score:0;;;"|"RT @jsousa8: E o nelson oliveira que entrou mas eu ainda n√£o o vi"|"RT @jsousa8: E o nelson oliveira que entrou mas eu ainda n√£o o vi"
"209003508643536000"|Teste|"player"|"3828"|0|"; sentiTokens:; score:0;;;"|"√© isso mesmo, tudo a pedir Nelson Oliveira! munino da casa!"|"√© isso mesmo, tudo a pedir Nelson Oliveira! munino da casa!"
"209003581846724000"|Teste|"player"|"3828"|0|"; sentiTokens:; score:0;;;"|"esta at√© o nelson oliveira."|"esta at√© o nelson oliveira."
"209004380089888000"|Teste|"player"|"3828"|0|"; sentiTokens:; score:0;;;"|"O Nelson Oliveira j√° √© do Mendes?"|"O Nelson Oliveira j√° √© do Mendes?"
"209011371180949000"|Teste|"player"|"3828"|0|"; sentiTokens:; score:0;;;"|"Jogadores como o Liedson, que n√£o sei porque n√£o √© convocado, N√©lson Oliveira e H√©lder Postiga no banco mete-me a jogar este Hugo Almeida..."|"Jogadores como o Liedson, que n√£o sei porque n√£o √© convocado, N√©lson Oliveira e H√©lder Postiga no banco mete-me a jogar este Hugo Almeida..."
"209011437543227000"|Teste|"player"|"3828"|0|"; sentiTokens:; score:0;;;"|"Quero o Nelson Oliveira em campo #rightnow"|"Quero o Nelson Oliveira em campo #rightnow"
"209011612856745000"|Teste|"player"|"3828"|0|"; sentiTokens:; score:0;;;"|"Hugo Almeida ou Postiga? Definitivamente, Nelson Oliveira #fact"|"Hugo Almeida ou Postiga? Definitivamente, Nelson Oliveira #fact"
"209011015671758000"|Teste|"player"|"3828"|0|"; sentiTokens:; score:0;;;"|"Que entre o Nelson Oliveira, n√£o estou a entender a d√∫vida...."|"Que entre o Nelson Oliveira, n√£o estou a entender a d√∫vida...."
"209017639765413000"|Teste|"player"|"3828"|0|"; sentiTokens:; score:0;;;"|"@portugoaldotnet üôè for a Nelson Oliveira goal but regardless Almieda exp. in GER and strength in air makes him a lock next sat"|"@portugoaldotnet üôè for a Nelson Oliveira goal but regardless Almieda exp. in GER and strength in air makes him a lock next sat"
"209021078658494000"|Teste|"player"|"3828"|0|"; sentiTokens:; score:0;;;"|"ai havia expectativa √† volta de N√©lson Oliveira?"|"ai havia expectativa √† volta de N√©lson Oliveira?"
"209021445270016000"|Teste|"player"|"3828"|0|"; sentiTokens:; score:0;;;"|"E o nelson oliveira que entrou mas eu ainda n√£o o vi"|"E o nelson oliveira que entrou mas eu ainda n√£o o vi"
"209005396915003000"|Teste|"player"|"3828"|0|"; sentiTokens:; score:0;;;"|"@afon5o troca Nelson Oliveira por Liedson"|"@afon5o troca Nelson Oliveira por Liedson"
"209006594183278000"|Teste|"player"|"3828"|0|"; sentiTokens:; score:0;;;"|"ESTOU AQUI A VER UMAS FOTOS. O NELSON OLIVEIRA TEM UM CORPO OMG :O"|"ESTOU AQUI A VER UMAS FOTOS. O NELSON OLIVEIRA TEM UM CORPO OMG :O"
"209005928895356000"|Teste|"player"|"3828"|0|"; sentiTokens:; score:0;;;"|"RT @Afon5o: Se o N√©lson Oliveira estivesse a jogar no lugar do Hugo Almeida, Portugal j√° estava a golear."|"RT @Afon5o: Se o N√©lson Oliveira estivesse a jogar no lugar do Hugo Almeida, Portugal j√° estava a golear."
"209006402738462000"|Teste|"player"|"3828"|0|"; sentiTokens:; score:0;;;"|"BENTINHO √â UMA SPORTINGUISTA QUE TE PEDE: N√âLSON OLIVEIRA A JOGAR, J√Å!"|"BENTINHO √â UMA SPORTINGUISTA QUE TE PEDE: N√âLSON OLIVEIRA A JOGAR, J√Å!"
"209020407364329000"|Teste|"player"|"3828"|0|"; sentiTokens:; score:0;;;"|"os unicos q ainda n tocaram na bola!!! RT @JHGPC77: Realmente isto com Eduardo e Nelson Oliveira a coisa melhorou!!!"|"os unicos q ainda n tocaram na bola!!! RT @JHGPC77: Realmente isto com Eduardo e Nelson Oliveira a coisa melhorou!!!"
"209019987959091000"|Teste|"player"|"3828"|0|"; sentiTokens:; score:0;;;"|"O postiga j√° fez mais que o Nelson Oliveira"|"O postiga j√° fez mais que o Nelson Oliveira"
"209032036508381000"|Teste|"player"|"3828"|0|"; sentiTokens:; score:0;;;"|"hugo almeida tem de sair do onze.. nelson oliveira √© o jogador com mais velocidade para acompnhar os extremos.. #portugal"|"hugo almeida tem de sair do onze.. nelson oliveira √© o jogador com mais velocidade para acompnhar os extremos.. #portugal"
"209197618650284000"|Teste|"player"|"3828"|0|"; sentiTokens:; score:0;;;"|"#10peopleiwannameet N√©lson Oliveira 5."|"#10peopleiwannameet N√©lson Oliveira 5."
"209004751977844000"|Teste|"player"|"3473"|0|"; sentiTokens:; score:0;;;"|"Paulo Bento v√™ o banco para substituir o Hugo Almeida. V√™ o Postiga. E √© isto."|"Paulo Bento v√™ o banco para substituir o Hugo Almeida. V√™ o Postiga. E √© isto."
"209004772278272000"|Teste|"player"|"3473"|0|"; sentiTokens:; score:0;;;"|"Jogadores mais falados na minha timeline: postiga, Nelson Oliveira, pauleta, Jo√£o Tom√°s."|"Jogadores mais falados na minha timeline: postiga, Nelson Oliveira, pauleta, Jo√£o Tom√°s."
"209019468498735000"|Teste|"player"|"3473"|0|"; sentiTokens:; score:0;;;"|"RT @a_mused: Oi? Onde est√° o Postiga?"|"RT @a_mused: Oi? Onde est√° o Postiga?"
"209001081202688000"|Teste|"player"|"3473"|0|"; sentiTokens:; score:0;;;"|"A ver pelo travess√£o, o Hugo Almeida √© o herdeiro natural do Helder Postiga!"|"A ver pelo travess√£o, o Hugo Almeida √© o herdeiro natural do Helder Postiga!"
"209010546861809000"|Teste|"player"|"3473"|0|"; sentiTokens:; score:0;;;"|"Est√°-se a notar a aus√™ncia do Postiga... (via @BrunoMacedo)"|"Est√°-se a notar a aus√™ncia do Postiga... (via @BrunoMacedo)"
"209015042434269000"|Teste|"player"|"3473"|0|"; sentiTokens:; score:0;;;"|"Vai sair o Almeida para entrar o Postiga? Agora sim, isto vai mudar."|"Vai sair o Almeida para entrar o Postiga? Agora sim, isto vai mudar."
"209022738315214000"|Teste|"player"|"3473"|0|"; sentiTokens:; score:0;;;"|"RT @XSequeira: Postiga, consegues mexer todos os m√∫sculos faciais?"|"RT @XSequeira: Postiga, consegues mexer todos os m√∫sculos faciais?"
"209008230381256000"|Teste|"player"|"3473"|0|"; sentiTokens:; score:0;;;"|"Est√°-se a notar a aus√™ncia do Postiga..."|"Est√°-se a notar a aus√™ncia do Postiga..."
"209003743314845000"|Teste|"player"|"3473"|0|"; sentiTokens:; score:0;;;"|"Troca o Almeida pelo Postiga, so solu√ß√µes do banco da sele√ßao ."|"Troca o Almeida pelo Postiga, so solu√ß√µes do banco da sele√ßao ."
"209004239614263000"|Teste|"player"|"3473"|0|"; sentiTokens:; score:0;;;"|"@mleaoneves olha q treinos do zaragoza com postiga a Roberto..."|"@mleaoneves olha q treinos do zaragoza com postiga a Roberto..."
"209003857068564000"|Teste|"player"|"3473"|0|"; sentiTokens:; score:0;;;"|"@franciscopombo Ep√°, ri-me tanto. Os treinos com este gajo e o postiga devem ser o m√°ximo."|"@franciscopombo Ep√°, ri-me tanto. Os treinos com este gajo e o postiga devem ser o m√°ximo."
"209011371180949000"|Teste|"player"|"3473"|0|"; sentiTokens:; score:0;;;"|"Jogadores como o Liedson, que n√£o sei porque n√£o √© convocado, N√©lson Oliveira e H√©lder Postiga no banco mete-me a jogar este Hugo Almeida..."|"Jogadores como o Liedson, que n√£o sei porque n√£o √© convocado, N√©lson Oliveira e H√©lder Postiga no banco mete-me a jogar este Hugo Almeida..."
"209011612856745000"|Teste|"player"|"3473"|0|"; sentiTokens:; score:0;;;"|"Hugo Almeida ou Postiga? Definitivamente, Nelson Oliveira #fact"|"Hugo Almeida ou Postiga? Definitivamente, Nelson Oliveira #fact"
"209014335132012000"|Teste|"player"|"3473"|0|"; sentiTokens:; score:0;;;"|"Devia ter sido o Postiga"|"Devia ter sido o Postiga"
"209013934366261000"|Teste|"player"|"3473"|0|"; sentiTokens:; score:0;;;"|"Oi? Onde est√° o Postiga?"|"Oi? Onde est√° o Postiga?"
"209006102220783000"|Teste|"player"|"3473"|0|"; sentiTokens:; score:0;;;"|"o Postiga esteve em campo? RT @bluetuga: O Postiga j√° entrou‚Ä¶ estava no McDonnal‚Äôs a comer um big mac"|"o Postiga esteve em campo? RT @bluetuga: O Postiga j√° entrou‚Ä¶ estava no McDonnal‚Äôs a comer um big mac"
"209006179014279000"|Teste|"player"|"3473"|0|"; sentiTokens:; score:0;;;"|"todos os portugueses est√£o √† espera que o Postiga exploda neste europeu ... literalmente"|"todos os portugueses est√£o √† espera que o Postiga exploda neste europeu ... literalmente"
"209005875808051000"|Teste|"player"|"3473"|0|"; sentiTokens:; score:0;;;"|"O Postiga j√° entrou‚Ä¶ estava no McDonnal‚Äôs a comer um big mac"|"O Postiga j√° entrou‚Ä¶ estava no McDonnal‚Äôs a comer um big mac"
"209020132050210000"|Teste|"player"|"3473"|0|"; sentiTokens:; score:0;;;"|"Tweet do dia! ---> RT @_SaraFilipa_: Hiiii o postiga ta com herpes. A selec√ß√£o tamb√©m tem fruta?"|"Tweet do dia! ---> RT @_SaraFilipa_: Hiiii o postiga ta com herpes. A selec√ß√£o tamb√©m tem fruta?"
"209019980367396000"|Teste|"player"|"3473"|0|"; sentiTokens:; score:0;;;"|"#euro2012 #portugal O Postiga anda a comer big macs de gra√ßa..."|"#euro2012 #portugal O Postiga anda a comer big macs de gra√ßa..."
"209019987959091000"|Teste|"player"|"3473"|0|"; sentiTokens:; score:0;;;"|"O postiga j√° fez mais que o Nelson Oliveira"|"O postiga j√° fez mais que o Nelson Oliveira"
"209019821961134000"|Teste|"player"|"3473"|0|"; sentiTokens:; score:0;;;"|"Quaresma de trivela e Postiga de bicicleta ao √¢ngulo!"|"Quaresma de trivela e Postiga de bicicleta ao √¢ngulo!"
"209019858627723000"|Teste|"player"|"3473"|0|"; sentiTokens:; score:0;;;"|"entrou o pi√ßo-mor #postiga"|"entrou o pi√ßo-mor #postiga"
"209019892089884000"|Teste|"player"|"3473"|0|"; sentiTokens:; score:0;;;"|"O Postiga cortou-se a fazer a barba..? :x"|"O Postiga cortou-se a fazer a barba..? :x"
"208997490781995000"|Teste|"player"|"3473"|0|"; sentiTokens:; score:0;;;"|"Ainda d√° para deixar o H. Almeida e o Postiga e ir buscar o J. Tom√°s e assim?"|"Ainda d√° para deixar o H. Almeida e o Postiga e ir buscar o J. Tom√°s e assim?"
"209027930880348000"|Teste|"player"|"3473"|0|"; sentiTokens:; score:0;;;"|"@ohlittlelullaby yap, e nao percebo as coisas das pessoas com o Postiga e o quaresma. Assim como nao percebo as coisas com o Ronaldo. Se"|"@ohlittlelullaby yap, e nao percebo as coisas das pessoas com o Postiga e o quaresma. Assim como nao percebo as coisas com o Ronaldo. Se"
"209071871935791000"|Teste|"player"|"3473"|0|"; sentiTokens:; score:0;;;"|"@nunotravassos postiga a 9? Pois com o HA como hoje..."|"@nunotravassos postiga a 9? Pois com o HA como hoje..."
"209209674170511000"|Teste|"player"|"3473"|0|"; sentiTokens:; score:0;;;"|"Expliquem-me o marketing Postiga aos 30"|"Expliquem-me o marketing Postiga aos 30"
"209211199752122000"|Teste|"player"|"3473"|0|"; sentiTokens:; score:0;;;"|"@nunodores  explica magia Postmac ! RT @Pinilla84: Expliquem-me o marketing Postiga aos 30"|"@nunodores  explica magia Postmac ! RT @Pinilla84: Expliquem-me o marketing Postiga aos 30"
"209261810786910000"|Teste|"player"|"3473"|0|"; sentiTokens:; score:0;;;"|"O postiga vai pagar tantos hamburguers como o Nuno Gomes"|"O postiga vai pagar tantos hamburguers como o Nuno Gomes"
"208999693009698000"|Teste|"player"|"1840"|0|"; sentiTokens:; score:0;;;"|"√ì Nani cuidadinho com o relvado."|"√ì Nani cuidadinho com o relvado."
"208999699858984000"|Teste|"player"|"1840"|0|"; sentiTokens:; score:0;;;"|"RT @ojoaomiguel: Nani, n√£o √© para estragar!"|"RT @ojoaomiguel: Nani, n√£o √© para estragar!"
"209013137620471000"|Teste|"player"|"1840"|0|"; sentiTokens:; score:0;;;"|"@machadozz Nani!"|"@machadozz Nani!"
"209013499358228000"|Teste|"player"|"1840"|0|"; sentiTokens:; score:0;;;"|"@iPhil ou mesmo a 9, 4-3-3, com o Nani e o Quaresma nas alas...???"|"@iPhil ou mesmo a 9, 4-3-3, com o Nani e o Quaresma nas alas...???"
"209012928597340000"|Teste|"player"|"1840"|0|"; sentiTokens:; score:0;;;"|"@franciscopombo nani"|"@franciscopombo nani"
"209014619644231000"|Teste|"player"|"1840"|0|"; sentiTokens:; score:0;;;"|"@sophieecore Nani"|"@sophieecore Nani"
"208999151000756000"|Teste|"player"|"1840"|0|"; sentiTokens:; score:0;;;"|"E agora o Nani!!"|"E agora o Nani!!"
"208999495982256000"|Teste|"player"|"1840"|0|"; sentiTokens:; score:0;;;"|"Coentr√£o. Nani. √â a tua vez Ronaldo!"|"Coentr√£o. Nani. √â a tua vez Ronaldo!"
"209015621889966000"|Teste|"player"|"1840"|0|"; sentiTokens:; score:0;;;"|"Gol de Portugal by NANI !"|"Gol de Portugal by NANI !"
"209021480082739000"|Teste|"player"|"1840"|0|"; sentiTokens:; score:0;;;"|"Naooo o nani naoooo!"|"Naooo o nani naoooo!"
"209022082766487000"|Teste|"player"|"1840"|0|"; sentiTokens:; score:0;;;"|"@pedroaniceto O Nani???"|"@pedroaniceto O Nani???"
"209004035984986000"|Teste|"player"|"1840"|0|"; sentiTokens:; score:0;;;"|"o ronaldo n quis marcar pq dps o nani tirava a bola da baliza."|"o ronaldo n quis marcar pq dps o nani tirava a bola da baliza."
"209004275035144000"|Teste|"player"|"1840"|0|"; sentiTokens:; score:0;;;"|"RT @dioogo91: o ronaldo n quis marcar pq dps o nani tirava a bola da baliza."|"RT @dioogo91: o ronaldo n quis marcar pq dps o nani tirava a bola da baliza."
"209007312453632000"|Teste|"player"|"1840"|0|"; sentiTokens:; score:0;;;"|"@PedroVieiraaaa far, far too much on CR7 and Nani to make the points for us."|"@PedroVieiraaaa far, far too much on CR7 and Nani to make the points for us."
"209014529231822000"|Teste|"player"|"1840"|0|"; sentiTokens:; score:0;;;"|"@sophieecore Nani"|"@sophieecore Nani"
"209014555819524000"|Teste|"player"|"1840"|0|"; sentiTokens:; score:0;;;"|"@sophieecore Nani"|"@sophieecore Nani"
"209014558839406000"|Teste|"player"|"1840"|0|"; sentiTokens:; score:0;;;"|"@sophieecore Nani..."|"@sophieecore Nani..."
"209021077152731000"|Teste|"player"|"1840"|0|"; sentiTokens:; score:0;;;"|"Querem ver o Nani a encostar √†s boxes outra vez?"|"Querem ver o Nani a encostar √†s boxes outra vez?"
"209021364164755000"|Teste|"player"|"1840"|0|"; sentiTokens:; score:0;;;"|"Olha, e o Nani morreu ^^"|"Olha, e o Nani morreu ^^"
"209021402001571000"|Teste|"player"|"1840"|0|"; sentiTokens:; score:0;;;"|"Dass Nani"|"Dass Nani"
"209021002779340000"|Teste|"player"|"1840"|0|"; sentiTokens:; score:0;;;"|"This Nani na actor"|"This Nani na actor"
"209012374513004000"|Teste|"player"|"1840"|0|"; sentiTokens:; score:0;;;"|"#PORxTUR  1-2 Nani 57 http://t.co/gPS2NNxo"|"#PORxTUR  1-2 Nani 57 http://t.co/gPS2NNxo"
"209012395874586000"|Teste|"player"|"1840"|0|"; sentiTokens:; score:0;;;"|"Olha, o Nani acordou e marcou, ao menos isso!!"|"Olha, o Nani acordou e marcou, ao menos isso!!"
"209012398194040000"|Teste|"player"|"1840"|0|"; sentiTokens:; score:0;;;"|"@Sunkgyu GOALLLLL NANI SCORED YO"|"@Sunkgyu GOALLLLL NANI SCORED YO"
"209012419157176000"|Teste|"player"|"1840"|0|"; sentiTokens:; score:0;;;"|"Goooolo NANI"|"Goooolo NANI"
"209012470390591000"|Teste|"player"|"1840"|0|"; sentiTokens:; score:0;;;"|"JA LA MORA!!!!!!!!!!!!!!!!!!!!!!!!!!!!!!!! NANI!!!!!"|"JA LA MORA!!!!!!!!!!!!!!!!!!!!!!!!!!!!!!!! NANI!!!!!"
"209012515810721000"|Teste|"player"|"1840"|0|"; sentiTokens:; score:0;;;"|"O NANI NUNCA ME DESILUDE !"|"O NANI NUNCA ME DESILUDE !"
"209012538690641000"|Teste|"player"|"1840"|0|"; sentiTokens:; score:0;;;"|"tinha de ser o nani"|"tinha de ser o nani"
"209012540372549000"|Teste|"player"|"1840"|0|"; sentiTokens:; score:0;;;"|"RT @leehoewon: @Sunkgyu GOALLLLL NANI SCORED YO"|"RT @leehoewon: @Sunkgyu GOALLLLL NANI SCORED YO"
"209012625038782000"|Teste|"player"|"1840"|0|"; sentiTokens:; score:0;;;"|"VALHA-NOS S. NANI!"|"VALHA-NOS S. NANI!"
"209012657502699000"|Teste|"player"|"1840"|0|"; sentiTokens:; score:0;;;"|"Um deles √© o Nani..."|"Um deles √© o Nani..."
"209026792936308000"|Teste|"player"|"1840"|0|"; sentiTokens:; score:0;;;"|"nao surprenderia nada, mts jogadores como o nani, vristiano, manuel fernandes ficaram com aquele fisico √° custa da GH!"|"nao surprenderia nada, mts jogadores como o nani, vristiano, manuel fernandes ficaram com aquele fisico √° custa da GH!"
"209039320735162000"|Teste|"player"|"1840"|0|"; sentiTokens:; score:0;;;"|"que fizeram ao mo√ßo ?RT @Renascenca: Nani em d√∫vida para o jogo da Alemanha http://t.co/M5i6uG6S"|"que fizeram ao mo√ßo ?RT @Renascenca: Nani em d√∫vida para o jogo da Alemanha http://t.co/M5i6uG6S"
"209040134971211000"|Teste|"player"|"1840"|0|"; sentiTokens:; score:0;;;"|"Desporto - Nani e Moutinho ¬´n√£o inspiram muitos cuidados¬ª:   Sem alarmes por Nani. O extremo portugu√™s saiu ante... http://t.co/1V0RuLew"|"Desporto - Nani e Moutinho ¬´n√£o inspiram muitos cuidados¬ª:   Sem alarmes por Nani. O extremo portugu√™s saiu ante... http://t.co/1V0RuLew"
"209048071219326000"|Teste|"player"|"1840"|0|"; sentiTokens:; score:0;;;"|"#FootballersILove Nuri Sahin, Wilshere, D. Silva, Nasri, Aguero, Nani, Moutinho, Hamsik eeeeeee CRRRRIISTIANO RONALDO claro"|"#FootballersILove Nuri Sahin, Wilshere, D. Silva, Nasri, Aguero, Nani, Moutinho, Hamsik eeeeeee CRRRRIISTIANO RONALDO claro"
"209043746703151000"|Teste|"player"|"1840"|0|"; sentiTokens:; score:0;;;"|"[ZeroZero] Nani e Moutinho ¬´n√£o inspiram muitos cuidados¬ª:   Sem alarmes por Nani. O extremo portugu√™s saiu ante... http://t.co/8udRJfIn"|"[ZeroZero] Nani e Moutinho ¬´n√£o inspiram muitos cuidados¬ª:   Sem alarmes por Nani. O extremo portugu√™s saiu ante... http://t.co/8udRJfIn"
"209044378663133000"|Teste|"player"|"1840"|0|"; sentiTokens:; score:0;;;"|"#FootballersILove F√°bio Coentr√£o, Nani, Van Wolfswinkel and Li√©dson"|"#FootballersILove F√°bio Coentr√£o, Nani, Van Wolfswinkel and Li√©dson"
"209050555090345000"|Teste|"player"|"1840"|0|"; sentiTokens:; score:0;;;"|"#FootballersILove Cristiano Ronaldo, Nani,...."|"#FootballersILove Cristiano Ronaldo, Nani,...."
"209057740411248000"|Teste|"player"|"1840"|0|"; sentiTokens:; score:0;;;"|"#FootballersILove Cristinao Ronaldo; David Luiz; Javi Garcia; Casillas; F√°bio Coentr√£o; Nani; Ramos; Nolito; D√≠ Maria; Artur; Agu√´ro..."|"#FootballersILove Cristinao Ronaldo; David Luiz; Javi Garcia; Casillas; F√°bio Coentr√£o; Nani; Ramos; Nolito; D√≠ Maria; Artur; Agu√´ro..."
"209059629525766000"|Teste|"player"|"1840"|0|"; sentiTokens:; score:0;;;"|"@VArede15 i think 4-3-3 is better for Portugal, CR7 and Nani on the flanks and a striker in the middle"|"@VArede15 i think 4-3-3 is better for Portugal, CR7 and Nani on the flanks and a striker in the middle"
"209068640262291000"|Teste|"player"|"1840"|0|"; sentiTokens:; score:0;;;"|"RT @disneywords: Nani: ‚ÄúI shouldnt have yelled at you.‚Äù \ Lilo: ‚ÄúWere sisters. Its our job.‚Äù ‚ÄìLilo and Stitch"|"RT @disneywords: Nani: ‚ÄúI shouldnt have yelled at you.‚Äù \ Lilo: ‚ÄúWere sisters. Its our job.‚Äù ‚ÄìLilo and Stitch"
"209074769503600000"|Teste|"player"|"1840"|0|"; sentiTokens:; score:0;;;"|"S√≥ espero que o Nani n√£o se lesione..."|"S√≥ espero que o Nani n√£o se lesione..."
"209253645651423000"|Teste|"player"|"1840"|0|"; sentiTokens:; score:0;;;"|"Internacional - United d√° Nani para ter Marchisio http://t.co/yO44Uc9D"|"Internacional - United d√° Nani para ter Marchisio http://t.co/yO44Uc9D"
"209197557342146000"|Teste|"player"|"1840"|0|"; sentiTokens:; score:0;;;"|"#record Chegou a hora de Nani: Ofacto de ter nascido contempor√¢neo de Cristiano Ronaldo vai, muito provavelmente... http://t.co/3ke6rJSw"|"#record Chegou a hora de Nani: Ofacto de ter nascido contempor√¢neo de Cristiano Ronaldo vai, muito provavelmente... http://t.co/3ke6rJSw"
"209205593309855000"|Teste|"player"|"1840"|0|"; sentiTokens:; score:0;;;"|"Chegou a hora de Nani http://t.co/HSE57XC5"|"Chegou a hora de Nani http://t.co/HSE57XC5"
"209283427004973000"|Teste|"player"|"1840"|0|"; sentiTokens:; score:0;;;"|"@raggabinto No Real, Benzema ou Higua√≠n jogam sempre, Ronaldo n√£o √© a refer√™ncia a meio, s√≥ aparece. Com Nani e Quaresma estaria sempre l√°."|"@raggabinto No Real, Benzema ou Higua√≠n jogam sempre, Ronaldo n√£o √© a refer√™ncia a meio, s√≥ aparece. Com Nani e Quaresma estaria sempre l√°."
"209245389268848000"|Teste|"player"|"1840"|0|"; sentiTokens:; score:0;;;"|"@CATasbb o nani marcou *-* #PortugalAlsoExists"|"@CATasbb o nani marcou *-* #PortugalAlsoExists"
"209260099267592000"|Teste|"player"|"1840"|0|"; sentiTokens:; score:0;;;"|"#record United d√° Nani para ter Marchisio: O processo de renova√ß√£o do internacional portugu√™s com o clube ingl√™s... http://t.co/FwF9t2vA"|"#record United d√° Nani para ter Marchisio: O processo de renova√ß√£o do internacional portugu√™s com o clube ingl√™s... http://t.co/FwF9t2vA"
"209260426016456000"|Teste|"player"|"1840"|0|"; sentiTokens:; score:0;;;"|"United d√° Nani para ter Marchisio http://t.co/7KoTTUad"|"United d√° Nani para ter Marchisio http://t.co/7KoTTUad"
"209282804566069000"|Teste|"player"|"1840"|0|"; sentiTokens:; score:0;;;"|"@hernameissummer NANI? D:"|"@hernameissummer NANI? D:"
"209352878467452000"|Teste|"player"|"1840"|0|"; sentiTokens:; score:0;;;"|"RT @portugalnews: Portugal confident Nani will be fit for Germany clash - http://t.co/9IwNZ7Vk India http://t.co/b8Oyp5nd"|"RT @portugalnews: Portugal confident Nani will be fit for Germany clash - http://t.co/9IwNZ7Vk India http://t.co/b8Oyp5nd"
"209355131504967000"|Teste|"player"|"1840"|0|"; sentiTokens:; score:0;;;"|"[+Futebol] Nani: ¬´N√£o vou para o Euro competir com Ronaldo¬ª: Camisola 17 da Sele√ß√£o desvaloriza resultados nos j... http://t.co/YII8dBN1"|"[+Futebol] Nani: ¬´N√£o vou para o Euro competir com Ronaldo¬ª: Camisola 17 da Sele√ß√£o desvaloriza resultados nos j... http://t.co/YII8dBN1"
"209355134038323000"|Teste|"player"|"1840"|0|"; sentiTokens:; score:0;;;"|"#maisfutebol Nani: ¬´N√£o vou para o Euro competir com Ronaldo¬ª: Camisola 17 da Sele√ß√£o desvaloriza resultados nos... http://t.co/tHlKZKeT"|"#maisfutebol Nani: ¬´N√£o vou para o Euro competir com Ronaldo¬ª: Camisola 17 da Sele√ß√£o desvaloriza resultados nos... http://t.co/tHlKZKeT"
"209004914066722000"|Teste|"player"|"3426"|0|"; sentiTokens:; score:0;;;"|"Este jogo esta a precisar do R√∫ben Micael"|"Este jogo esta a precisar do R√∫ben Micael"
"209016799226896000"|Teste|"player"|"3426"|0|"; sentiTokens:; score:0;;;"|"Ele que meta o Ruben Micael.. LOOOL"|"Ele que meta o Ruben Micael.. LOOOL"
"209054916021465000"|Teste|"player"|"3426"|0|"; sentiTokens:; score:0;;;"|"A escolha ocasional da Vanessa para cantar com o Bryan Adams mesmo assim consegue ser menos chocante que o R√∫ben Micael jogar futebol."|"A escolha ocasional da Vanessa para cantar com o Bryan Adams mesmo assim consegue ser menos chocante que o R√∫ben Micael jogar futebol."
"209004667219361000"|Teste|"player"|"51"|0|"; sentiTokens:; score:0;;;"|"[ZeroZero] Hugo Viana completa jogo 25 por Portugal:   Hugo Viana completa a 25¬™ internacionaliza√ß√£o diante da T... http://t.co/3YI0UXf0"|"[ZeroZero] Hugo Viana completa jogo 25 por Portugal:   Hugo Viana completa a 25¬™ internacionaliza√ß√£o diante da T... http://t.co/3YI0UXf0"
"209004669840793000"|Teste|"player"|"51"|0|"; sentiTokens:; score:0;;;"|"#zerozero Hugo Viana completa jogo 25 por Portugal:   Hugo Viana completa a 25¬™ internacionaliza√ß√£o diante da Tu... http://t.co/qfSppR3G"|"#zerozero Hugo Viana completa jogo 25 por Portugal:   Hugo Viana completa a 25¬™ internacionaliza√ß√£o diante da Tu... http://t.co/qfSppR3G"
"209015392276971000"|Teste|"player"|"51"|0|"; sentiTokens:; score:0;;;"|"#desporto Hugo Viana completa jogo 25 por Portugal:   Hugo Viana completa a 25¬™ internacionaliza√ß√£o diante da Tu... http://t.co/ycqYYSh8"|"#desporto Hugo Viana completa jogo 25 por Portugal:   Hugo Viana completa a 25¬™ internacionaliza√ß√£o diante da Tu... http://t.co/ycqYYSh8"
"209011635602456000"|Teste|"player"|"51"|0|"; sentiTokens:; score:0;;;"|"O Hugo Viana e o Nelson Olivera ja entravam!"|"O Hugo Viana e o Nelson Olivera ja entravam!"
"209013961075589000"|Teste|"player"|"51"|0|"; sentiTokens:; score:0;;;"|"Precisamos de um Hugo Viana #urgentemente"|"Precisamos de um Hugo Viana #urgentemente"
"209026141477023000"|Teste|"player"|"128"|0|"; sentiTokens:; score:0;;;"|"@maisfutebol_iol S√≥ voc√™s portugueses que enxergam algum futebol no Pepe!"|"@maisfutebol_iol S√≥ voc√™s portugueses que enxergam algum futebol no Pepe!"
"209025953702232000"|Teste|"player"|"128"|0|"; sentiTokens:; score:0;;;"|"CR7 e Pepe, os jogadores por quem os tugas torcem no Real, ficaram em Madrid e mandaram os s√≥sias para √ìbidos."|"CR7 e Pepe, os jogadores por quem os tugas torcem no Real, ficaram em Madrid e mandaram os s√≥sias para √ìbidos."
"209001212702490000"|Teste|"player"|"128"|0|"; sentiTokens:; score:0;;;"|"@Mountainking deixa o UFC, o Pepe e o Bruno Alves est√£o a jogar."|"@Mountainking deixa o UFC, o Pepe e o Bruno Alves est√£o a jogar."
"209010306352025000"|Teste|"player"|"128"|0|"; sentiTokens:; score:0;;;"|"@PedroSMMelo pepe zi coach (quer dizer treinador)"|"@PedroSMMelo pepe zi coach (quer dizer treinador)"
"209021832794357000"|Teste|"player"|"128"|0|"; sentiTokens:; score:0;;;"|"@cesc_messi_fans @everybodyliees Parece-me que o Pepe foi campe√£o no teu pa√≠s."|"@cesc_messi_fans @everybodyliees Parece-me que o Pepe foi campe√£o no teu pa√≠s."
"209006681621925000"|Teste|"player"|"128"|0|"; sentiTokens:; score:0;;;"|"@vicente79 para mim era custodio! pepe tem de ser central! nao quero rolandos nem costas!"|"@vicente79 para mim era custodio! pepe tem de ser central! nao quero rolandos nem costas!"
"209020838152900000"|Teste|"player"|"128"|0|"; sentiTokens:; score:0;;;"|"Golllllllooooo do Pepe #deus @CristianaRelvao¬†@SaraDAlves¬†"|"Golllllllooooo do Pepe #deus @CristianaRelvao¬†@SaraDAlves¬†"
"209020876065222000"|Teste|"player"|"128"|0|"; sentiTokens:; score:0;;;"|"@itsjoanarocha Pepe? O Ricardo costa √© que cortou contra ele"|"@itsjoanarocha Pepe? O Ricardo costa √© que cortou contra ele"
"209020708049797000"|Teste|"player"|"128"|0|"; sentiTokens:; score:0;;;"|"RT @nunoomiguel: incha Pepe!"|"RT @nunoomiguel: incha Pepe!"
"209020407876038000"|Teste|"player"|"128"|0|"; sentiTokens:; score:0;;;"|"Ricardo Costa, Pepe e Eduardo"|"Ricardo Costa, Pepe e Eduardo"
"209020422598041000"|Teste|"player"|"128"|0|"; sentiTokens:; score:0;;;"|"RT @Record_Portugal: #PORxTUR  1-3 Pepe 88 http://t.co/gPS2NNxo"|"RT @Record_Portugal: #PORxTUR  1-3 Pepe 88 http://t.co/gPS2NNxo"
"209020456194412000"|Teste|"player"|"128"|0|"; sentiTokens:; score:0;;;"|"@pedrorijo91 Pepe e n√£o sei o outro"|"@pedrorijo91 Pepe e n√£o sei o outro"
"209020469020602000"|Teste|"player"|"128"|0|"; sentiTokens:; score:0;;;"|"RT @Record_Portugal: #PORxTUR  1-3 Pepe 88 http://t.co/gPS2NNxo"|"RT @Record_Portugal: #PORxTUR  1-3 Pepe 88 http://t.co/gPS2NNxo"
"209020241332813000"|Teste|"player"|"128"|0|"; sentiTokens:; score:0;;;"|"incha Pepe!"|"incha Pepe!"
"209020162731548000"|Teste|"player"|"128"|0|"; sentiTokens:; score:0;;;"|"#PORxTUR  1-3 Pepe 88 http://t.co/gPS2NNxo"|"#PORxTUR  1-3 Pepe 88 http://t.co/gPS2NNxo"
"208998093696413000"|Teste|"player"|"128"|0|"; sentiTokens:; score:0;;;"|"@CristianaRelvao @SaraDAlves aprendi com o Pepe"|"@CristianaRelvao @SaraDAlves aprendi com o Pepe"
"209028279041142000"|Teste|"player"|"128"|0|"; sentiTokens:; score:0;;;"|"Plim RT @martins_ana: @FatimaRD Pepe."|"Plim RT @martins_ana: @FatimaRD Pepe."
"209002099718103000"|Teste|"player"|"3554"|0|"; sentiTokens:; score:0;;;"|"WTF Rui Patricio????????"|"WTF Rui Patricio????????"
"209002095314087000"|Teste|"player"|"3554"|0|"; sentiTokens:; score:0;;;"|"WTF Rui Patricio????????"|"WTF Rui Patricio????????"
"209002021645332000"|Teste|"player"|"3554"|0|"; sentiTokens:; score:0;;;"|"este Rui Patr√≠cio, 2 chapadas que ele via"|"este Rui Patr√≠cio, 2 chapadas que ele via"
"209001497785151000"|Teste|"player"|"3554"|0|"; sentiTokens:; score:0;;;"|"o Rui Patricio nem a via."|"o Rui Patricio nem a via."
"209002482104414000"|Teste|"player"|"3554"|0|"; sentiTokens:; score:0;;;"|"Bola na pequena √°rea e o Rui Patricio n√£o se faz √† bola??? wtf.. #Quando1RicardoNaoChegouNaSelec√ß√£o"|"Bola na pequena √°rea e o Rui Patricio n√£o se faz √† bola??? wtf.. #Quando1RicardoNaoChegouNaSelec√ß√£o"
"209003158423343000"|Teste|"player"|"3554"|0|"; sentiTokens:; score:0;;;"|"Same old! RT @iPhil Rui Patr√≠cio, n√£o √©? Enfim..."|"Same old! RT @iPhil Rui Patr√≠cio, n√£o √©? Enfim..."
"209016079169757000"|Teste|"player"|"3554"|0|"; sentiTokens:; score:0;;;"|"Eduardo entra , Rui Patricio sai"|"Eduardo entra , Rui Patricio sai"
"209015745458348000"|Teste|"player"|"3554"|0|"; sentiTokens:; score:0;;;"|"agora vai-me tirar o rui patr√≠cio... ele acha de 2 √© pouco, com certeza."|"agora vai-me tirar o rui patr√≠cio... ele acha de 2 √© pouco, com certeza."
"209015771945381000"|Teste|"player"|"3554"|0|"; sentiTokens:; score:0;;;"|"Vai tirar o Rui Patricio... ? wtf ?"|"Vai tirar o Rui Patricio... ? wtf ?"
"209015918645358000"|Teste|"player"|"3554"|0|"; sentiTokens:; score:0;;;"|"#euro2012 #portugal O Rui Patr√≠cio... foi-se..."|"#euro2012 #portugal O Rui Patr√≠cio... foi-se..."
"209020315177730000"|Teste|"player"|"3554"|0|"; sentiTokens:; score:0;;;"|"Este Rui Patr√≠cio nunca mais aprende. Que capoeira."|"Este Rui Patr√≠cio nunca mais aprende. Que capoeira."
"209029245597528000"|Teste|"player"|"3554"|0|"; sentiTokens:; score:0;;;"|"@FatimaRD @martins_ana segue-se o rui patr√≠cio, com 1,90."|"@FatimaRD @martins_ana segue-se o rui patr√≠cio, com 1,90."
"209357995040182000"|Teste|"player"|"3554"|0|"; sentiTokens:; score:0;;;"|"Se Rui Patricio sair o Eduardo vai para o SCP, caso contr√°rio o Eduardo vai abdicar de 1/3 do ordenado e fica no Braga."|"Se Rui Patricio sair o Eduardo vai para o SCP, caso contr√°rio o Eduardo vai abdicar de 1/3 do ordenado e fica no Braga."
"209001975533150000"|Teste|"player"|"3569"|0|"; sentiTokens:; score:0;;;"|"Live: joao pereira mil vezes!!!"|"Live: joao pereira mil vezes!!!"
"209001654283010000"|Teste|"player"|"3569"|0|"; sentiTokens:; score:0;;;"|"Miguel Lopes, Jo√£o Pereira vers√£o 2"|"Miguel Lopes, Jo√£o Pereira vers√£o 2"
"209017218359508000"|Teste|"player"|"3569"|0|"; sentiTokens:; score:0;;;"|"RT @MrMGomes: Mete la o Joao Pereira no banco sff"|"RT @MrMGomes: Mete la o Joao Pereira no banco sff"
"209017124784570000"|Teste|"player"|"3569"|0|"; sentiTokens:; score:0;;;"|"Mete la o Joao Pereira no banco sff"|"Mete la o Joao Pereira no banco sff"
"209015723140464000"|Teste|"player"|"3569"|0|"; sentiTokens:; score:0;;;"|"Miguel Lopes > Jo√£o Pereira"|"Miguel Lopes > Jo√£o Pereira"
"209006631558713000"|Teste|"player"|"3569"|0|"; sentiTokens:; score:0;;;"|"@bluetuga o Bosingwa √© parecido ao Jo√£o Pereira, mas n√£o te esque√ßas que n√£o √© o mesmo de 2008"|"@bluetuga o Bosingwa √© parecido ao Jo√£o Pereira, mas n√£o te esque√ßas que n√£o √© o mesmo de 2008"
"209004902964400000"|Teste|"player"|"3578"|0|"; sentiTokens:; score:0;;;"|"@omalestafeito O Cust√≥dio era gajo pa mudar isto tudo."|"@omalestafeito O Cust√≥dio era gajo pa mudar isto tudo."
"209012715916771000"|Teste|"player"|"3578"|0|"; sentiTokens:; score:0;;;"|"@JoseDePina ahahah, o Farnerud... tem o Custodio deve ter o mesmo efeito."|"@JoseDePina ahahah, o Farnerud... tem o Custodio deve ter o mesmo efeito."
"209001567679037000"|Teste|"player"|"3578"|0|"; sentiTokens:; score:0;;;"|"Como √© que uma equipa que tem o Cust√≥dio e aposta-se noutros jogadores?"|"Como √© que uma equipa que tem o Cust√≥dio e aposta-se noutros jogadores?"
"209017449692147000"|Teste|"player"|"3578"|0|"; sentiTokens:; score:0;;;"|"Ent√£o o q temos por aqui...cust√≥dio,  Nelson e q mais?"|"Ent√£o o q temos por aqui...cust√≥dio,  Nelson e q mais?"
"209016574391226000"|Teste|"player"|"3578"|0|"; sentiTokens:; score:0;;;"|"RT @JoseDePina: Farnerud traduzido de sueco para portugu√™s √© Cust√≥dio."|"RT @JoseDePina: Farnerud traduzido de sueco para portugu√™s √© Cust√≥dio."
"209016712887152000"|Teste|"player"|"3578"|0|"; sentiTokens:; score:0;;;"|"Eheheheh RT @JoseDePina: Farnerud traduzido de sueco para portugu√™s √© Cust√≥dio."|"Eheheheh RT @JoseDePina: Farnerud traduzido de sueco para portugu√™s √© Cust√≥dio."
"209009509316833000"|Teste|"player"|"3578"|0|"; sentiTokens:; score:0;;;"|"Cust√≥dio, Ricardo Costa e Nelso Oliveira E √© isto."|"Cust√≥dio, Ricardo Costa e Nelso Oliveira E √© isto."
"209014865157832000"|Teste|"player"|"3578"|0|"; sentiTokens:; score:0;;;"|"LOL entrar Ricardo Costa e Cust√≥dio num jogo que devia servir para motivar a selec√ß√£o... #Portugal"|"LOL entrar Ricardo Costa e Cust√≥dio num jogo que devia servir para motivar a selec√ß√£o... #Portugal"
"209015311670849000"|Teste|"player"|"3578"|0|"; sentiTokens:; score:0;;;"|"@ValeriePT  Vai entrar o Ricardo Costa e o Custodio... agora √© que vai ser."|"@ValeriePT  Vai entrar o Ricardo Costa e o Custodio... agora √© que vai ser."
"209014716146778000"|Teste|"player"|"3578"|0|"; sentiTokens:; score:0;;;"|"Vamos testar a defesa: custodio e Ricardo costa"|"Vamos testar a defesa: custodio e Ricardo costa"
"209014736698871000"|Teste|"player"|"3578"|0|"; sentiTokens:; score:0;;;"|"@JoseDePina N√£o tem Farnerud mas tem Ricardo Costa e Cust√≥dio."|"@JoseDePina N√£o tem Farnerud mas tem Ricardo Costa e Cust√≥dio."
"209016107787485000"|Teste|"player"|"3578"|0|"; sentiTokens:; score:0;;;"|"RT @PACabral: O momento em que a sele√ß√£o regressa √† sua hist√≥ria pr√© 1996: Cust√≥dio entrou."|"RT @PACabral: O momento em que a sele√ß√£o regressa √† sua hist√≥ria pr√© 1996: Cust√≥dio entrou."
"209016123256078000"|Teste|"player"|"3578"|0|"; sentiTokens:; score:0;;;"|"Farnerud traduzido de sueco para portugu√™s √© Cust√≥dio."|"Farnerud traduzido de sueco para portugu√™s √© Cust√≥dio."
"209015722846859000"|Teste|"player"|"3578"|0|"; sentiTokens:; score:0;;;"|"O momento em que a sele√ß√£o regressa √† sua hist√≥ria pr√© 1996: Cust√≥dio entrou."|"O momento em que a sele√ß√£o regressa √† sua hist√≥ria pr√© 1996: Cust√≥dio entrou."
"209016220232589000"|Teste|"player"|"3578"|0|"; sentiTokens:; score:0;;;"|"RT @JoseDePina: Farnerud traduzido de sueco para portugu√™s √© Cust√≥dio."|"RT @JoseDePina: Farnerud traduzido de sueco para portugu√™s √© Cust√≥dio."
"209016266080526000"|Teste|"player"|"3578"|0|"; sentiTokens:; score:0;;;"|"RT @JoseDePina: Farnerud traduzido de sueco para portugu√™s √© Cust√≥dio."|"RT @JoseDePina: Farnerud traduzido de sueco para portugu√™s √© Cust√≥dio."
"209011204599988000"|Teste|"player"|"3578"|0|"; sentiTokens:; score:0;;;"|"Ta a meter o cust√≥dio..."|"Ta a meter o cust√≥dio..."
"209025537497243000"|Teste|"player"|"3578"|0|"; sentiTokens:; score:0;;;"|"[VISAO]: Euro2012: Cust√≥dio foi o √∫ltimo dos 23 a estrear-se:  http://t.co/c6sBgYfb"|"[VISAO]: Euro2012: Cust√≥dio foi o √∫ltimo dos 23 a estrear-se:  http://t.co/c6sBgYfb"
"209006681621925000"|Teste|"player"|"3578"|0|"; sentiTokens:; score:0;;;"|"@vicente79 para mim era custodio! pepe tem de ser central! nao quero rolandos nem costas!"|"@vicente79 para mim era custodio! pepe tem de ser central! nao quero rolandos nem costas!"
"209011734390906000"|Teste|"player"|"3578"|0|"; sentiTokens:; score:0;;;"|"J√° metias o Custodio √≥ Paulo Bento"|"J√° metias o Custodio √≥ Paulo Bento"
"209011796982505000"|Teste|"player"|"3578"|0|"; sentiTokens:; score:0;;;"|"Eu metia o Cust√≥dio e o Ricardo Costa, mais dois mitos da selec√ß√£o..."|"Eu metia o Cust√≥dio e o Ricardo Costa, mais dois mitos da selec√ß√£o..."
"209020459210125000"|Teste|"player"|"3578"|0|"; sentiTokens:; score:0;;;"|"RT @JoseDePina: Farnerud traduzido de sueco para portugu√™s √© Cust√≥dio."|"RT @JoseDePina: Farnerud traduzido de sueco para portugu√™s √© Cust√≥dio."
"209032492274036000"|Teste|"player"|"3578"|0|"; sentiTokens:; score:0;;;"|"RT @JoseDePina: Farnerud traduzido de sueco para portugu√™s √© Cust√≥dio."|"RT @JoseDePina: Farnerud traduzido de sueco para portugu√™s √© Cust√≥dio."
"209032049938546000"|Teste|"player"|"3578"|0|"; sentiTokens:; score:0;;;"|"#visao Euro2012: Cust√≥dio foi o √∫ltimo dos 23 a estrear-se http://t.co/Eh3MwceN"|"#visao Euro2012: Cust√≥dio foi o √∫ltimo dos 23 a estrear-se http://t.co/Eh3MwceN"
"209046141914976000"|Teste|"player"|"3578"|0|"; sentiTokens:; score:0;;;"|"RT @JoseDePina: Farnerud traduzido de sueco para portugu√™s √© Cust√≥dio."|"RT @JoseDePina: Farnerud traduzido de sueco para portugu√™s √© Cust√≥dio."
"209029810272481000"|Teste|"player"|"3578"|0|"; sentiTokens:; score:0;;;"|"Euro2012: Cust√≥dio foi o √∫ltimo dos 23 a estrear-se:  http://t.co/dmGEyTv6"|"Euro2012: Cust√≥dio foi o √∫ltimo dos 23 a estrear-se:  http://t.co/dmGEyTv6"
"209039890510385000"|Teste|"player"|"3578"|0|"; sentiTokens:; score:0;;;"|"#visao Euro2012: Cust√≥dio foi o √∫ltimo dos 23 a estrear-se http://t.co/e5hSL3cF"|"#visao Euro2012: Cust√≥dio foi o √∫ltimo dos 23 a estrear-se http://t.co/e5hSL3cF"
"209050669578072000"|Teste|"player"|"3578"|0|"; sentiTokens:; score:0;;;"|"Euro2012: Cust√≥dio foi o √∫ltimo dos 23 a estrear-se http://t.co/NcWmgH5l"|"Euro2012: Cust√≥dio foi o √∫ltimo dos 23 a estrear-se http://t.co/NcWmgH5l"
"209072279710203000"|Teste|"player"|"3578"|0|"; sentiTokens:; score:0;;;"|"@nunotravassos contra alem√£es e tulipas, apostaria em cust√≥dio"|"@nunotravassos contra alem√£es e tulipas, apostaria em cust√≥dio"
"209063672151162000"|Teste|"player"|"3578"|0|"; sentiTokens:; score:0;;;"|"RT @joaomirorod: Miguel Lopes, Cust√≥dio... Campe√µes europeus Allez!"|"RT @joaomirorod: Miguel Lopes, Cust√≥dio... Campe√µes europeus Allez!"
"209076687701426000"|Teste|"player"|"3578"|0|"; sentiTokens:; score:0;;;"|"RT @JoseDePina: Farnerud traduzido de sueco para portugu√™s √© Cust√≥dio."|"RT @JoseDePina: Farnerud traduzido de sueco para portugu√™s √© Cust√≥dio."
"209234520229163000"|Teste|"player"|"3578"|0|"; sentiTokens:; score:0;;;"|"@nuno_mad Contra a alem√£es e holandeses, cust√≥dio a titular e apostava no Ronaldo a 9 com a entrada do quaresma ou varela."|"@nuno_mad Contra a alem√£es e holandeses, cust√≥dio a titular e apostava no Ronaldo a 9 com a entrada do quaresma ou varela."
"209351216533225000"|Teste|"player"|"3578"|0|"; sentiTokens:; score:0;;;"|"RT @ojogo: Costinha defende Cust√≥dio a titular http://t.co/NwYJ3Umm"|"RT @ojogo: Costinha defende Cust√≥dio a titular http://t.co/NwYJ3Umm"
"209341312623853000"|Teste|"player"|"3578"|0|"; sentiTokens:; score:0;;;"|"Costinha defende Cust√≥dio a titular http://t.co/NwYJ3Umm"|"Costinha defende Cust√≥dio a titular http://t.co/NwYJ3Umm"
"209334356865589000"|Teste|"player"|"3578"|0|"; sentiTokens:; score:0;;;"|"Costinha: ¬´Cust√≥dio deu outra consist√™ncia¬ª http://t.co/opCDU1gS"|"Costinha: ¬´Cust√≥dio deu outra consist√™ncia¬ª http://t.co/opCDU1gS"
"209019163790938000"|Teste|"player"|"3436"|0|"; sentiTokens:; score:0;;;"|"RT @Phiiiiills: Jo√£o Moutinho .. n√£o est√°s a jogar nada."|"RT @Phiiiiills: Jo√£o Moutinho .. n√£o est√°s a jogar nada."
"209004196207398000"|Teste|"player"|"3436"|0|"; sentiTokens:; score:0;;;"|"J√° algu√©m encontrou o Jo√£o Moutinho?"|"J√° algu√©m encontrou o Jo√£o Moutinho?"
"209005341835407000"|Teste|"player"|"3436"|0|"; sentiTokens:; score:0;;;"|"Quem √© esse??? RT @iPhil J√° algu√©m encontrou o Jo√£o Moutinho?"|"Quem √© esse??? RT @iPhil J√° algu√©m encontrou o Jo√£o Moutinho?"
"209030359252340000"|Teste|"player"|"3436"|0|"; sentiTokens:; score:0;;;"|"@ricardomsantos @martins_ana jo√£o moutinho com apenas 1,70 e uns 61kg"|"@ricardomsantos @martins_ana jo√£o moutinho com apenas 1,70 e uns 61kg"
"209244788808105000"|Teste|"player"|"3436"|0|"; sentiTokens:; score:0;;;"|"FCP para sempre blog Jo√£o Moutinho na Sele√ß√£o Nacional http://t.co/mACsxyAs"|"FCP para sempre blog Jo√£o Moutinho na Sele√ß√£o Nacional http://t.co/mACsxyAs"
"209245308478173000"|Teste|"player"|"3436"|0|"; sentiTokens:; score:0;;;"|"RT @luacintilante: FCP para sempre blog Jo√£o Moutinho na Sele√ß√£o Nacional http://t.co/mACsxyAs"|"RT @luacintilante: FCP para sempre blog Jo√£o Moutinho na Sele√ß√£o Nacional http://t.co/mACsxyAs"
"209018895284187000"|Teste|"player"|"3701"|0|"; sentiTokens:; score:0;;;"|"√â o Eduardo que empata isto hoje!"|"√â o Eduardo que empata isto hoje!"
"209024061358080000"|Teste|"player"|"3701"|0|"; sentiTokens:; score:0;;;"|"RT @omalestafeito: d√™em l√° a minuta da carta de desist√™ncia da selec√ß√£o ao Eduardo. O Sim√£o ainda deve ter uma c√≥pia"|"RT @omalestafeito: d√™em l√° a minuta da carta de desist√™ncia da selec√ß√£o ao Eduardo. O Sim√£o ainda deve ter uma c√≥pia"
"209009158647853000"|Teste|"player"|"3701"|0|"; sentiTokens:; score:0;;;"|"#record Empate em Oslo no fecho da prepara√ß√£o: Eduardo abriu a contagem aos 79, mas Elyounoussi, aos 90+2, fez... http://t.co/OMmJ01a5"|"#record Empate em Oslo no fecho da prepara√ß√£o: Eduardo abriu a contagem aos 79, mas Elyounoussi, aos 90+2, fez... http://t.co/OMmJ01a5"
"209022961628352000"|Teste|"player"|"3701"|0|"; sentiTokens:; score:0;;;"|"@atorresferreira o Eduardo √© outro mist√©rio"|"@atorresferreira o Eduardo √© outro mist√©rio"
"209015826244845000"|Teste|"player"|"3701"|0|"; sentiTokens:; score:0;;;"|"expliquem √†quele marmelo que o Eduardo n√£o √© guarda redes do Benfica!!!"|"expliquem √†quele marmelo que o Eduardo n√£o √© guarda redes do Benfica!!!"
"209015862361989000"|Teste|"player"|"3701"|0|"; sentiTokens:; score:0;;;"|"Vai meter o Eduardo a avan√ßado??? Fdx mete o Nelso Olibeira..."|"Vai meter o Eduardo a avan√ßado??? Fdx mete o Nelso Olibeira..."
"209015752039219000"|Teste|"player"|"3701"|0|"; sentiTokens:; score:0;;;"|"o #eduardo vai entrar, j√° n√£o entra mais nenhuma bola naquela baliza #portugal"|"o #eduardo vai entrar, j√° n√£o entra mais nenhuma bola naquela baliza #portugal"
"209015933153460000"|Teste|"player"|"3701"|0|"; sentiTokens:; score:0;;;"|"O Eduardo ainda existe."|"O Eduardo ainda existe."
"209016002242035000"|Teste|"player"|"3701"|0|"; sentiTokens:; score:0;;;"|"RT @Ferreira: O Eduardo ainda existe."|"RT @Ferreira: O Eduardo ainda existe."
"209015897845800000"|Teste|"player"|"3701"|0|"; sentiTokens:; score:0;;;"|"@Old_Mans_Beard e Eduardo!"|"@Old_Mans_Beard e Eduardo!"
"209016057195790000"|Teste|"player"|"3701"|0|"; sentiTokens:; score:0;;;"|"RT @j_edzz: expliquem √†quele marmelo que o Eduardo n√£o √© guarda redes do Benfica!!!"|"RT @j_edzz: expliquem √†quele marmelo que o Eduardo n√£o √© guarda redes do Benfica!!!"
"209021699163828000"|Teste|"player"|"3701"|0|"; sentiTokens:; score:0;;;"|"‚Äú@omalestafeito: d√™em l√° a minuta da carta de desist√™ncia da selec√ß√£o ao Eduardo. O Sim√£o ainda deve ter uma c√≥pia‚Äù tira copia e da ao Bento"|"‚Äú@omalestafeito: d√™em l√° a minuta da carta de desist√™ncia da selec√ß√£o ao Eduardo. O Sim√£o ainda deve ter uma c√≥pia‚Äù tira copia e da ao Bento"
"209021601700777000"|Teste|"player"|"3701"|0|"; sentiTokens:; score:0;;;"|"RT @omalestafeito: d√™em l√° a minuta da carta de desist√™ncia da selec√ß√£o ao Eduardo. O Sim√£o ainda deve ter uma c√≥pia"|"RT @omalestafeito: d√™em l√° a minuta da carta de desist√™ncia da selec√ß√£o ao Eduardo. O Sim√£o ainda deve ter uma c√≥pia"
"209021605710528000"|Teste|"player"|"3701"|0|"; sentiTokens:; score:0;;;"|"Por este andar o pr√≥ximo treinador ser√° o eduardo beaut√©"|"Por este andar o pr√≥ximo treinador ser√° o eduardo beaut√©"
"209020505376829000"|Teste|"player"|"3701"|0|"; sentiTokens:; score:0;;;"|"V√™-se logo que o Quim n√£o √© guar.. espera, foi o Eduardo."|"V√™-se logo que o Quim n√£o √© guar.. espera, foi o Eduardo."
"209020563954483000"|Teste|"player"|"3701"|0|"; sentiTokens:; score:0;;;"|"Este Eduardo √© uma figura marcante da sele√ß√£o."|"Este Eduardo √© uma figura marcante da sele√ß√£o."
"209021232979525000"|Teste|"player"|"3701"|0|"; sentiTokens:; score:0;;;"|"d√™em l√° a minuta da carta de desist√™ncia da selec√ß√£o ao Eduardo. O Sim√£o ainda deve ter uma c√≥pia"|"d√™em l√° a minuta da carta de desist√™ncia da selec√ß√£o ao Eduardo. O Sim√£o ainda deve ter uma c√≥pia"
"209021285257314000"|Teste|"player"|"3701"|0|"; sentiTokens:; score:0;;;"|"RT @omalestafeito: d√™em l√° a minuta da carta de desist√™ncia da selec√ß√£o ao Eduardo. O Sim√£o ainda deve ter uma c√≥pia"|"RT @omalestafeito: d√™em l√° a minuta da carta de desist√™ncia da selec√ß√£o ao Eduardo. O Sim√£o ainda deve ter uma c√≥pia"
"209021326541848000"|Teste|"player"|"3701"|0|"; sentiTokens:; score:0;;;"|"RT @G_L: RT @omalestafeito: d√™em l√° a minuta da carta de desist√™ncia da selec√ß√£o ao Eduardo. O Sim√£o ainda deve ter uma c√≥pia"|"RT @G_L: RT @omalestafeito: d√™em l√° a minuta da carta de desist√™ncia da selec√ß√£o ao Eduardo. O Sim√£o ainda deve ter uma c√≥pia"
"209020655969107000"|Teste|"player"|"3701"|0|"; sentiTokens:; score:0;;;"|"Este Eduardo √© uma figura marcante da sele√ß√£o. (via @joaopcastro)"|"Este Eduardo √© uma figura marcante da sele√ß√£o. (via @joaopcastro)"
"209005278514003000"|Teste|"player"|"3701"|0|"; sentiTokens:; score:0;;;"|"Isto resolve-se com o Eduardo a jogar a 10."|"Isto resolve-se com o Eduardo a jogar a 10."
"209020407364329000"|Teste|"player"|"3701"|0|"; sentiTokens:; score:0;;;"|"os unicos q ainda n tocaram na bola!!! RT @JHGPC77: Realmente isto com Eduardo e Nelson Oliveira a coisa melhorou!!!"|"os unicos q ainda n tocaram na bola!!! RT @JHGPC77: Realmente isto com Eduardo e Nelson Oliveira a coisa melhorou!!!"
"209020407876038000"|Teste|"player"|"3701"|0|"; sentiTokens:; score:0;;;"|"Ricardo Costa, Pepe e Eduardo"|"Ricardo Costa, Pepe e Eduardo"
"209020488339570000"|Teste|"player"|"3701"|0|"; sentiTokens:; score:0;;;"|"Isto de ter o Eduardo e o Ricardo Costa a menos de 2 metros de distancia...."|"Isto de ter o Eduardo e o Ricardo Costa a menos de 2 metros de distancia...."
"209063121929764000"|Teste|"player"|"3701"|0|"; sentiTokens:; score:0;;;"|"kkkk aq as minhas vizinhas colocam EDUARDO COSTA nd contra mais n da ai elas dan√ßam no meio da ruua kkkk @LSmylifesempre"|"kkkk aq as minhas vizinhas colocam EDUARDO COSTA nd contra mais n da ai elas dan√ßam no meio da ruua kkkk @LSmylifesempre"
"209089489694507000"|Teste|"player"|"3701"|0|"; sentiTokens:; score:0;;;"|"@VenomExtreme vc mere√ßee mt mais aindaa eduardo kkkkk"|"@VenomExtreme vc mere√ßee mt mais aindaa eduardo kkkkk"
"209143809953632000"|Teste|"player"|"3701"|0|"; sentiTokens:; score:0;;;"|"@VenomExtreme Parab√©ns Sr. Eduardo Faria! 200 MIL INSCRITOS http://t.co/ctEynhSC"|"@VenomExtreme Parab√©ns Sr. Eduardo Faria! 200 MIL INSCRITOS http://t.co/ctEynhSC"
"209196732171563000"|Teste|"player"|"3701"|0|"; sentiTokens:; score:0;;;"|"Marcos Rojo quer o Benfica; Eduardo pode continuar na Luz:  Marcos Rojo est√° a ser negociado pelo Benfica com o ... http://t.co/5nIV2nQy"|"Marcos Rojo quer o Benfica; Eduardo pode continuar na Luz:  Marcos Rojo est√° a ser negociado pelo Benfica com o ... http://t.co/5nIV2nQy"
"209217413785468000"|Teste|"player"|"3701"|0|"; sentiTokens:; score:0;;;"|"RT @foradejogo: Marcos Rojo quer o Benfica; Eduardo pode continuar na Luz:  Marcos Rojo est√° a ser negociado pelo Benfica com o ... http ..."|"RT @foradejogo: Marcos Rojo quer o Benfica; Eduardo pode continuar na Luz:  Marcos Rojo est√° a ser negociado pelo Benfica com o ... http ..."
"209288460933140000"|Teste|"player"|"3701"|0|"; sentiTokens:; score:0;;;"|"epa jose eduardo moniz a escrever sobre bola no record lolololol ja vale tudo isto"|"epa jose eduardo moniz a escrever sobre bola no record lolololol ja vale tudo isto"
"209283874935681000"|Teste|"player"|"3701"|0|"; sentiTokens:; score:0;;;"|"JMPLA quer Jos√© Eduardo dos Santos como cabe√ßa de lista do MPLA http://t.co/PWMHr1Om"|"JMPLA quer Jos√© Eduardo dos Santos como cabe√ßa de lista do MPLA http://t.co/PWMHr1Om"
"209351145670455000"|Teste|"player"|"3701"|0|"; sentiTokens:; score:0;;;"|"@VenomExtreme Eduardo v√™ este aqui! http://t.co/xK10yxZv"|"@VenomExtreme Eduardo v√™ este aqui! http://t.co/xK10yxZv"
"209357995040182000"|Teste|"player"|"3701"|0|"; sentiTokens:; score:0;;;"|"Se Rui Patricio sair o Eduardo vai para o SCP, caso contr√°rio o Eduardo vai abdicar de 1/3 do ordenado e fica no Braga."|"Se Rui Patricio sair o Eduardo vai para o SCP, caso contr√°rio o Eduardo vai abdicar de 1/3 do ordenado e fica no Braga."
"209004846899150000"|Teste|"player"|"1476"|0|"; sentiTokens:; score:0;;;"|"Jorge Mendes, agente oficial da Selec√ß√£o :P RT @JoseDePina: Algu√©m sabe quem √© o agente do Miguel Lopes?"|"Jorge Mendes, agente oficial da Selec√ß√£o :P RT @JoseDePina: Algu√©m sabe quem √© o agente do Miguel Lopes?"
"209004696990527000"|Teste|"player"|"1476"|0|"; sentiTokens:; score:0;;;"|"Euro2012: Miguel Lopes √© o oitavo estreante da era Paulo Bento http://t.co/PI4uZFnW"|"Euro2012: Miguel Lopes √© o oitavo estreante da era Paulo Bento http://t.co/PI4uZFnW"
"209004697737117000"|Teste|"player"|"1476"|0|"; sentiTokens:; score:0;;;"|"Euro2012: Miguel Lopes √© o s√©timo estreante da era Paulo Bento http://t.co/OF1IFcvw"|"Euro2012: Miguel Lopes √© o s√©timo estreante da era Paulo Bento http://t.co/OF1IFcvw"
"209004759133339000"|Teste|"player"|"1476"|0|"; sentiTokens:; score:0;;;"|"Deixa-me adivinhar, Jorge Mendes @JoseDePina Algu√©m sabe quem √© o agente do Miguel Lopes?"|"Deixa-me adivinhar, Jorge Mendes @JoseDePina Algu√©m sabe quem √© o agente do Miguel Lopes?"
"209005394062884000"|Teste|"player"|"1476"|0|"; sentiTokens:; score:0;;;"|"Este Miguel Lopes √© o Emerson/Evaldo da selec√ß√£o."|"Este Miguel Lopes √© o Emerson/Evaldo da selec√ß√£o."
"209013596104032000"|Teste|"player"|"1476"|0|"; sentiTokens:; score:0;;;"|"Digam ao Miguel Lopes que o cabeleiro n√£o lhe cortou o cabelo todo."|"Digam ao Miguel Lopes que o cabeleiro n√£o lhe cortou o cabelo todo."
"209019021612417000"|Teste|"player"|"1476"|0|"; sentiTokens:; score:0;;;"|"RT @JoseDePina: Agora os comentadores da RTP deviam dizer: Miguel Lopes √© um espect√°culo a fazer lan√ßamentos laterais."|"RT @JoseDePina: Agora os comentadores da RTP deviam dizer: Miguel Lopes √© um espect√°culo a fazer lan√ßamentos laterais."
"209018802535546000"|Teste|"player"|"1476"|0|"; sentiTokens:; score:0;;;"|"Agora os comentadores da RTP deviam dizer: Miguel Lopes √© um espect√°culo a fazer lan√ßamentos laterais."|"Agora os comentadores da RTP deviam dizer: Miguel Lopes √© um espect√°culo a fazer lan√ßamentos laterais."
"209025826363158000"|Teste|"player"|"1476"|0|"; sentiTokens:; score:0;;;"|"Pinto da Costa manda o Miguel Lopes para o Porto na pr√≥xima √©poca, tipo."|"Pinto da Costa manda o Miguel Lopes para o Porto na pr√≥xima √©poca, tipo."
"208999908211048000"|Teste|"player"|"1476"|0|"; sentiTokens:; score:0;;;"|"RT @portugalnews: Portugal-Turquia: Miguel Lopes e Hugo Almeida titulares - Mais Futebol http://t.co/LtwRUDx7"|"RT @portugalnews: Portugal-Turquia: Miguel Lopes e Hugo Almeida titulares - Mais Futebol http://t.co/LtwRUDx7"
"209001750986895000"|Teste|"player"|"1476"|0|"; sentiTokens:; score:0;;;"|"Este Miguel Lopes, zero #Portugal #PORxTUR"|"Este Miguel Lopes, zero #Portugal #PORxTUR"
"209002389477392000"|Teste|"player"|"1476"|0|"; sentiTokens:; score:0;;;"|"Apesar do novo corte de cabelo, isto de ser defesa direito da selec√ß√£o n√£o √© vida para o Miguel Lopes."|"Apesar do novo corte de cabelo, isto de ser defesa direito da selec√ß√£o n√£o √© vida para o Miguel Lopes."
"209023981481771000"|Teste|"player"|"1476"|0|"; sentiTokens:; score:0;;;"|"ahahah. um contributo para a ci√™ncia. RT @almaradona: o menino do lapedo vive na cara do miguel lopes"|"ahahah. um contributo para a ci√™ncia. RT @almaradona: o menino do lapedo vive na cara do miguel lopes"
"209024238340931000"|Teste|"player"|"1476"|0|"; sentiTokens:; score:0;;;"|"RT @cvazmarques: ahahah. um contributo para a ci√™ncia. RT @almaradona: o menino do lapedo vive na cara do miguel lopes"|"RT @cvazmarques: ahahah. um contributo para a ci√™ncia. RT @almaradona: o menino do lapedo vive na cara do miguel lopes"
"209002294690332000"|Teste|"player"|"1476"|0|"; sentiTokens:; score:0;;;"|"[VISAO]: Euro2012: Miguel Lopes √© o oitavo estreante da era Paulo Bento:  http://t.co/MVtfZCTc"|"[VISAO]: Euro2012: Miguel Lopes √© o oitavo estreante da era Paulo Bento:  http://t.co/MVtfZCTc"
"209002295524990000"|Teste|"player"|"1476"|0|"; sentiTokens:; score:0;;;"|"[VISAO]: Euro2012: Miguel Lopes √© o s√©timo estreante da era Paulo Bento:  http://t.co/7l6QldQN"|"[VISAO]: Euro2012: Miguel Lopes √© o s√©timo estreante da era Paulo Bento:  http://t.co/7l6QldQN"
"209008993631346000"|Teste|"player"|"1476"|0|"; sentiTokens:; score:0;;;"|"#visao Euro2012: Miguel Lopes √© o oitavo estreante da era Paulo Bento http://t.co/GozWgVjO"|"#visao Euro2012: Miguel Lopes √© o oitavo estreante da era Paulo Bento http://t.co/GozWgVjO"
"209008995476844000"|Teste|"player"|"1476"|0|"; sentiTokens:; score:0;;;"|"#visao Euro2012: Miguel Lopes √© o s√©timo estreante da era Paulo Bento http://t.co/QoPyPtdb"|"#visao Euro2012: Miguel Lopes √© o s√©timo estreante da era Paulo Bento http://t.co/QoPyPtdb"
"209014707636539000"|Teste|"player"|"1476"|0|"; sentiTokens:; score:0;;;"|"Coisas que realmente importam: Miguel Lopes, n√£o te quero a fazer aqueles mergulhos no Porto! :c"|"Coisas que realmente importam: Miguel Lopes, n√£o te quero a fazer aqueles mergulhos no Porto! :c"
"209014771557740000"|Teste|"player"|"1476"|0|"; sentiTokens:; score:0;;;"|"RT @joanaislourenco: Coisas que realmente importam: Miguel Lopes, n√£o te quero a fazer aqueles mergulhos no Porto! :c"|"RT @joanaislourenco: Coisas que realmente importam: Miguel Lopes, n√£o te quero a fazer aqueles mergulhos no Porto! :c"
"209022859706769000"|Teste|"player"|"1476"|0|"; sentiTokens:; score:0;;;"|"Desporto - Euro2012¬†-¬† Portugal:¬† Miguel Lopes √© s√©timo estreante da era Paulo Bento: O lateral Miguel Lopes,... http://t.co/OCciXz3a"|"Desporto - Euro2012¬†-¬† Portugal:¬† Miguel Lopes √© s√©timo estreante da era Paulo Bento: O lateral Miguel Lopes,... http://t.co/OCciXz3a"
"208999833615335000"|Teste|"player"|"1476"|0|"; sentiTokens:; score:0;;;"|"Portugal-Turquia: Miguel Lopes e Hugo Almeida titulares - Mais Futebol http://t.co/LtwRUDx7"|"Portugal-Turquia: Miguel Lopes e Hugo Almeida titulares - Mais Futebol http://t.co/LtwRUDx7"
"208999162178580000"|Teste|"player"|"1476"|0|"; sentiTokens:; score:0;;;"|"Euro2012: Miguel Lopes √© o oitavo estreante da era Paulo Bento:  http://t.co/4PYvcXEv"|"Euro2012: Miguel Lopes √© o oitavo estreante da era Paulo Bento:  http://t.co/4PYvcXEv"
"208999163109715000"|Teste|"player"|"1476"|0|"; sentiTokens:; score:0;;;"|"Euro2012: Miguel Lopes √© o s√©timo estreante da era Paulo Bento:  http://t.co/WZ70MW8m"|"Euro2012: Miguel Lopes √© o s√©timo estreante da era Paulo Bento:  http://t.co/WZ70MW8m"
"208999560780058000"|Teste|"player"|"1476"|0|"; sentiTokens:; score:0;;;"|"#Portugal Euro2012: Miguel Lopes √© o s√©timo estreante da era Paulo Bento - Vis√£o http://t.co/vv8NM3tC"|"#Portugal Euro2012: Miguel Lopes √© o s√©timo estreante da era Paulo Bento - Vis√£o http://t.co/vv8NM3tC"
"209015805302685000"|Teste|"player"|"1476"|0|"; sentiTokens:; score:0;;;"|"#visao Euro2012: Miguel Lopes √© o oitavo estreante da era Paulo Bento http://t.co/ZKHjVcgV"|"#visao Euro2012: Miguel Lopes √© o oitavo estreante da era Paulo Bento http://t.co/ZKHjVcgV"
"209015807051702000"|Teste|"player"|"1476"|0|"; sentiTokens:; score:0;;;"|"#visao Euro2012: Miguel Lopes √© o s√©timo estreante da era Paulo Bento http://t.co/AiUH7Pfh"|"#visao Euro2012: Miguel Lopes √© o s√©timo estreante da era Paulo Bento http://t.co/AiUH7Pfh"
"209015804468019000"|Teste|"player"|"1476"|0|"; sentiTokens:; score:0;;;"|"Cabelo de Miguel Lopes d√°-lhe mais 10cm do BI"|"Cabelo de Miguel Lopes d√°-lhe mais 10cm do BI"
"209004505138872000"|Teste|"player"|"1476"|0|"; sentiTokens:; score:0;;;"|"Algu√©m sabe quem √© o agente do Miguel Lopes?"|"Algu√©m sabe quem √© o agente do Miguel Lopes?"
"209006973755207000"|Teste|"player"|"1476"|0|"; sentiTokens:; score:0;;;"|"RT @JoseDePina Apesar do novo corte de cabelo, isto de ser defesa direito da selec√ß√£o n√£o √© vida para o Miguel Lopes."|"RT @JoseDePina Apesar do novo corte de cabelo, isto de ser defesa direito da selec√ß√£o n√£o √© vida para o Miguel Lopes."
"209014475808976000"|Teste|"player"|"1476"|0|"; sentiTokens:; score:0;;;"|"Agora j√° percebo o porque do Jo√£o Pinto estar na sele√ß√£o. Miguel Lopes j√° est√° a aprender"|"Agora j√° percebo o porque do Jo√£o Pinto estar na sele√ß√£o. Miguel Lopes j√° est√° a aprender"
"209014084606238000"|Teste|"player"|"1476"|0|"; sentiTokens:; score:0;;;"|"√© que joga este miguel lopes"|"√© que joga este miguel lopes"
"209014092357308000"|Teste|"player"|"1476"|0|"; sentiTokens:; score:0;;;"|"Penalty sobre Miguel Lopes"|"Penalty sobre Miguel Lopes"
"209006105781739000"|Teste|"player"|"1476"|0|"; sentiTokens:; score:0;;;"|"RT @JoseDePina: Apesar do novo corte de cabelo, isto de ser defesa direito da selec√ß√£o n√£o √© vida para o Miguel Lopes."|"RT @JoseDePina: Apesar do novo corte de cabelo, isto de ser defesa direito da selec√ß√£o n√£o √© vida para o Miguel Lopes."
"209005761605550000"|Teste|"player"|"1476"|0|"; sentiTokens:; score:0;;;"|"Euro2012: Miguel Lopes √© o s√©timo estreante da era Paulo Bento:  http://t.co/vskRznBu"|"Euro2012: Miguel Lopes √© o s√©timo estreante da era Paulo Bento:  http://t.co/vskRznBu"
"209012533649080000"|Teste|"player"|"1476"|0|"; sentiTokens:; score:0;;;"|"RT @portugalnews4u: [VISAO]: Euro2012: Miguel Lopes √© o s√©timo estreante da era Paulo Bento:  http://t.co/7l6QldQN"|"RT @portugalnews4u: [VISAO]: Euro2012: Miguel Lopes √© o s√©timo estreante da era Paulo Bento:  http://t.co/7l6QldQN"
"209012558789750000"|Teste|"player"|"1476"|0|"; sentiTokens:; score:0;;;"|"RT @portugalnews4u: [VISAO]: Euro2012: Miguel Lopes √© o oitavo estreante da era Paulo Bento:  http://t.co/MVtfZCTc"|"RT @portugalnews4u: [VISAO]: Euro2012: Miguel Lopes √© o oitavo estreante da era Paulo Bento:  http://t.co/MVtfZCTc"
"208997721053478000"|Teste|"player"|"1476"|0|"; sentiTokens:; score:0;;;"|"Euro2012¬†-¬†      Portugal - Miguel Lopes √© oitavo estreante da era Paulo Bento http://t.co/cq1LHSzZ"|"Euro2012¬†-¬†      Portugal - Miguel Lopes √© oitavo estreante da era Paulo Bento http://t.co/cq1LHSzZ"
"208997857666154000"|Teste|"player"|"1476"|0|"; sentiTokens:; score:0;;;"|"RT @Record_Portugal: Euro2012¬†-¬†      Portugal - Miguel Lopes √© oitavo estreante da era Paulo Bento http://t.co/cq1LHSzZ"|"RT @Record_Portugal: Euro2012¬†-¬†      Portugal - Miguel Lopes √© oitavo estreante da era Paulo Bento http://t.co/cq1LHSzZ"
"208999274200055000"|Teste|"player"|"1476"|0|"; sentiTokens:; score:0;;;"|"@DanielStif esse Miguel Lopes quem √©?"|"@DanielStif esse Miguel Lopes quem √©?"
"209032879446048000"|Teste|"player"|"1476"|0|"; sentiTokens:; score:0;;;"|"@Pedro_Moreira_ q tal a sele√ßao? nao conhescia ao miguel lopes, ser√° q vai ser titular na euro?"|"@Pedro_Moreira_ q tal a sele√ßao? nao conhescia ao miguel lopes, ser√° q vai ser titular na euro?"
"209063672151162000"|Teste|"player"|"1476"|0|"; sentiTokens:; score:0;;;"|"RT @joaomirorod: Miguel Lopes, Cust√≥dio... Campe√µes europeus Allez!"|"RT @joaomirorod: Miguel Lopes, Cust√≥dio... Campe√µes europeus Allez!"
"209253035061415000"|Teste|"player"|"1476"|0|"; sentiTokens:; score:0;;;"|"parece-me que o Miguel Lopes √© primo do @Vistoalupa"|"parece-me que o Miguel Lopes √© primo do @Vistoalupa"
"209206896412999000"|Teste|"player"|"1476"|0|"; sentiTokens:; score:0;;;"|"Re: [Euro 2012] - Jogo prepara√ß√£o: Portugal 1 vs 3 Turquia [RF]: √â Miguel Lopes Konig, o Rosa √© o que est√° empre... http://t.co/Z0sw3v83"|"Re: [Euro 2012] - Jogo prepara√ß√£o: Portugal 1 vs 3 Turquia [RF]: √â Miguel Lopes Konig, o Rosa √© o que est√° empre... http://t.co/Z0sw3v83"
"209237994773811000"|Teste|"player"|"1476"|0|"; sentiTokens:; score:0;;;"|"Re: [Euro 2012] - Jogo prepara√ß√£o: Portugal 1 vs 3 Turquia [RF]: O Miguel Lopes tem de ser titular com a Alemanh... http://t.co/LoMNsRQt"|"Re: [Euro 2012] - Jogo prepara√ß√£o: Portugal 1 vs 3 Turquia [RF]: O Miguel Lopes tem de ser titular com a Alemanh... http://t.co/LoMNsRQt"
"209012808111755000"|Teste|"player"|"280"|0|"; sentiTokens:; score:0;;;"|"E que tal arriscar o Ronaldo a 10, a distribuir jogo? Quaresma de um lado‚Ä¶Nani do outro?"|"E que tal arriscar o Ronaldo a 10, a distribuir jogo? Quaresma de um lado‚Ä¶Nani do outro?"
"209013499358228000"|Teste|"player"|"280"|0|"; sentiTokens:; score:0;;;"|"@iPhil ou mesmo a 9, 4-3-3, com o Nani e o Quaresma nas alas...???"|"@iPhil ou mesmo a 9, 4-3-3, com o Nani e o Quaresma nas alas...???"
"209019554742009000"|Teste|"player"|"280"|0|"; sentiTokens:; score:0;;;"|"Como Ricardo Quaresma vai entrar no jogo com as duas pernas talvez..."|"Como Ricardo Quaresma vai entrar no jogo com as duas pernas talvez..."
"209009860287791000"|Teste|"player"|"280"|0|"; sentiTokens:; score:0;;;"|"RT @jessiica_09: metam-me o quaresma p√°"|"RT @jessiica_09: metam-me o quaresma p√°"
"209008859598168000"|Teste|"player"|"280"|0|"; sentiTokens:; score:0;;;"|"@IvoGoncalves7 Espera pela entrada do Quaresma."|"@IvoGoncalves7 Espera pela entrada do Quaresma."
"209020625870794000"|Teste|"player"|"280"|0|"; sentiTokens:; score:0;;;"|"RT @CristianaRelvao: Como Ricardo Quaresma vai entrar no jogo com as duas pernas talvez..."|"RT @CristianaRelvao: Como Ricardo Quaresma vai entrar no jogo com as duas pernas talvez..."
"209020897300979000"|Teste|"player"|"280"|0|"; sentiTokens:; score:0;;;"|"RT @CristianaRelvao: Como Ricardo Quaresma vai entrar no jogo com as duas pernas talvez..."|"RT @CristianaRelvao: Como Ricardo Quaresma vai entrar no jogo com as duas pernas talvez..."
"209020953605324000"|Teste|"player"|"280"|0|"; sentiTokens:; score:0;;;"|"RT @CristianaRelvao: Como Ricardo Quaresma vai entrar no jogo com as duas pernas talvez..."|"RT @CristianaRelvao: Como Ricardo Quaresma vai entrar no jogo com as duas pernas talvez..."
"209020690886705000"|Teste|"player"|"280"|0|"; sentiTokens:; score:0;;;"|"RT @CristianaRelvao: Como Ricardo Quaresma vai entrar no jogo com as duas pernas talvez..."|"RT @CristianaRelvao: Como Ricardo Quaresma vai entrar no jogo com as duas pernas talvez..."
"209020131253301000"|Teste|"player"|"280"|0|"; sentiTokens:; score:0;;;"|"RT @CristianaRelvao: Como Ricardo Quaresma vai entrar no jogo com as duas pernas talvez..."|"RT @CristianaRelvao: Como Ricardo Quaresma vai entrar no jogo com as duas pernas talvez..."
"209019921076731000"|Teste|"player"|"280"|0|"; sentiTokens:; score:0;;;"|"RT @hugocardoso: O Quaresma √© o 10 das Quinas? Deuses..."|"RT @hugocardoso: O Quaresma √© o 10 das Quinas? Deuses..."
"209019821961134000"|Teste|"player"|"280"|0|"; sentiTokens:; score:0;;;"|"Quaresma de trivela e Postiga de bicicleta ao √¢ngulo!"|"Quaresma de trivela e Postiga de bicicleta ao √¢ngulo!"
"209019653928910000"|Teste|"player"|"280"|0|"; sentiTokens:; score:0;;;"|"O Quaresma √© o 10 das Quinas? Deuses..."|"O Quaresma √© o 10 das Quinas? Deuses..."
"208997483358076000"|Teste|"player"|"280"|0|"; sentiTokens:; score:0;;;"|"O Quaresma hoje joga por Portugal ou Turquia?"|"O Quaresma hoje joga por Portugal ou Turquia?"
"209029263519789000"|Teste|"player"|"280"|0|"; sentiTokens:; score:0;;;"|"@JuPatricia11 o Quaresma √© o amor da minha vida :p"|"@JuPatricia11 o Quaresma √© o amor da minha vida :p"
"209029400006623000"|Teste|"player"|"280"|0|"; sentiTokens:; score:0;;;"|"Ai o Ces√°r Mour√£o a fazer de primo do Quaresma, ahahahahahah"|"Ai o Ces√°r Mour√£o a fazer de primo do Quaresma, ahahahahahah"
"209037386263429000"|Teste|"player"|"280"|0|"; sentiTokens:; score:0;;;"|"Nem uma trivela do ciganito!"|"Nem uma trivela do ciganito!"
"209035529717690000"|Teste|"player"|"280"|0|"; sentiTokens:; score:0;;;"|"@vidaempiezaaqui sabes quaresma +.+"|"@vidaempiezaaqui sabes quaresma +.+"
"209049297784811000"|Teste|"player"|"280"|0|"; sentiTokens:; score:0;;;"|"#FootballersILove Ricardo Quaresma"|"#FootballersILove Ricardo Quaresma"
"209027930880348000"|Teste|"player"|"280"|0|"; sentiTokens:; score:0;;;"|"@ohlittlelullaby yap, e nao percebo as coisas das pessoas com o Postiga e o quaresma. Assim como nao percebo as coisas com o Ronaldo. Se"|"@ohlittlelullaby yap, e nao percebo as coisas das pessoas com o Postiga e o quaresma. Assim como nao percebo as coisas com o Ronaldo. Se"
"209060535726120000"|Teste|"player"|"280"|0|"; sentiTokens:; score:0;;;"|"vamos la esquecer o Chuta Ronaldo, chuta. Eu ca vou adoptar o Chuta Quaresma, Chuta."|"vamos la esquecer o Chuta Ronaldo, chuta. Eu ca vou adoptar o Chuta Quaresma, Chuta."
"209234520229163000"|Teste|"player"|"280"|0|"; sentiTokens:; score:0;;;"|"@nuno_mad Contra a alem√£es e holandeses, cust√≥dio a titular e apostava no Ronaldo a 9 com a entrada do quaresma ou varela."|"@nuno_mad Contra a alem√£es e holandeses, cust√≥dio a titular e apostava no Ronaldo a 9 com a entrada do quaresma ou varela."
"209254325782978000"|Teste|"player"|"280"|0|"; sentiTokens:; score:0;;;"|"estou a ver a grava√ß√£o do Quaresma a entrar ontem no jogo e agora sim, tenho no√ß√£o das figuras que fiz. lol. mas voltava a fazer."|"estou a ver a grava√ß√£o do Quaresma a entrar ontem no jogo e agora sim, tenho no√ß√£o das figuras que fiz. lol. mas voltava a fazer."
"209283427004973000"|Teste|"player"|"280"|0|"; sentiTokens:; score:0;;;"|"@raggabinto No Real, Benzema ou Higua√≠n jogam sempre, Ronaldo n√£o √© a refer√™ncia a meio, s√≥ aparece. Com Nani e Quaresma estaria sempre l√°."|"@raggabinto No Real, Benzema ou Higua√≠n jogam sempre, Ronaldo n√£o √© a refer√™ncia a meio, s√≥ aparece. Com Nani e Quaresma estaria sempre l√°."
"209278513910521000"|Teste|"player"|"280"|0|"; sentiTokens:; score:0;;;"|"RT @supercurlystic: Quaresma tem um estilo latino. Hum, eu diria bimb√≥-gitano"|"RT @supercurlystic: Quaresma tem um estilo latino. Hum, eu diria bimb√≥-gitano"
"209277354235793000"|Teste|"player"|"280"|0|"; sentiTokens:; score:0;;;"|"Quaresma tem um estilo latino. Hum, eu diria bimb√≥-gitano"|"Quaresma tem um estilo latino. Hum, eu diria bimb√≥-gitano"
"209005594043097000"|Teste|"player"|"pbento"|0|"; sentiTokens:; score:0;;;"|"O Paulo Bento come√ßou a carreira no clube onde eu jogava hoquei. Aquela classe"|"O Paulo Bento come√ßou a carreira no clube onde eu jogava hoquei. Aquela classe"
"209004916960796000"|Teste|"player"|"pbento"|0|"; sentiTokens:; score:0;;;"|"O CR7 tem um corte √† Paulo Bento?"|"O CR7 tem um corte √† Paulo Bento?"
"209005185580806000"|Teste|"player"|"pbento"|0|"; sentiTokens:; score:0;;;"|"O Paulo Bento vai ter pesadelos com o bosingwa , que raio de defesas direitos ele escolheu"|"O Paulo Bento vai ter pesadelos com o bosingwa , que raio de defesas direitos ele escolheu"
"209005116118933000"|Teste|"player"|"pbento"|0|"; sentiTokens:; score:0;;;"|"jogo de despedida de Portugal - podia ser apenas o da despedida do Paulo Bento"|"jogo de despedida de Portugal - podia ser apenas o da despedida do Paulo Bento"
"209004695472193000"|Teste|"player"|"pbento"|0|"; sentiTokens:; score:0;;;"|"Euro2012: Paulo Bento promove seis trocas no derradeiro teste de Portugal http://t.co/sFQbNOKz"|"Euro2012: Paulo Bento promove seis trocas no derradeiro teste de Portugal http://t.co/sFQbNOKz"
"209004696990527000"|Teste|"player"|"pbento"|0|"; sentiTokens:; score:0;;;"|"Euro2012: Miguel Lopes √© o oitavo estreante da era Paulo Bento http://t.co/PI4uZFnW"|"Euro2012: Miguel Lopes √© o oitavo estreante da era Paulo Bento http://t.co/PI4uZFnW"
"209004697737117000"|Teste|"player"|"pbento"|0|"; sentiTokens:; score:0;;;"|"Euro2012: Miguel Lopes √© o s√©timo estreante da era Paulo Bento http://t.co/OF1IFcvw"|"Euro2012: Miguel Lopes √© o s√©timo estreante da era Paulo Bento http://t.co/OF1IFcvw"
"209005415126663000"|Teste|"player"|"pbento"|0|"; sentiTokens:; score:0;;;"|"RT @semvidapropria: jogo de despedida de Portugal - podia ser apenas o da despedida do Paulo Bento"|"RT @semvidapropria: jogo de despedida de Portugal - podia ser apenas o da despedida do Paulo Bento"
"209019039316574000"|Teste|"player"|"pbento"|0|"; sentiTokens:; score:0;;;"|"RT @boloposte: Os comentadores n√£o sabem quem √© que Paulo Bento deve tirar. √â telefonar a Pinto da Costa."|"RT @boloposte: Os comentadores n√£o sabem quem √© que Paulo Bento deve tirar. √â telefonar a Pinto da Costa."
"209018577615986000"|Teste|"player"|"pbento"|0|"; sentiTokens:; score:0;;;"|"Os comentadores n√£o sabem quem √© que Paulo Bento deve tirar. √â telefonar a Pinto da Costa."|"Os comentadores n√£o sabem quem √© que Paulo Bento deve tirar. √â telefonar a Pinto da Costa."
"209018658045960000"|Teste|"player"|"pbento"|0|"; sentiTokens:; score:0;;;"|"RT @boloposte: Os comentadores n√£o sabem quem √© que Paulo Bento deve tirar. √â telefonar a Pinto da Costa."|"RT @boloposte: Os comentadores n√£o sabem quem √© que Paulo Bento deve tirar. √â telefonar a Pinto da Costa."
"209018674395365000"|Teste|"player"|"pbento"|0|"; sentiTokens:; score:0;;;"|"RT @boloposte: Os comentadores n√£o sabem quem √© que Paulo Bento deve tirar. √â telefonar a Pinto da Costa."|"RT @boloposte: Os comentadores n√£o sabem quem √© que Paulo Bento deve tirar. √â telefonar a Pinto da Costa."
"209019384096755000"|Teste|"player"|"pbento"|0|"; sentiTokens:; score:0;;;"|"Ou um caldu√ßo RT @semvidapropria: O Paulo Bento s√≥ precisa de um despertador para acordar!‚Äù"|"Ou um caldu√ßo RT @semvidapropria: O Paulo Bento s√≥ precisa de um despertador para acordar!‚Äù"
"209018900648693000"|Teste|"player"|"pbento"|0|"; sentiTokens:; score:0;;;"|"O Paulo Bento s√≥ precisa de um despertador para acordar!"|"O Paulo Bento s√≥ precisa de um despertador para acordar!"
"209019137748508000"|Teste|"player"|"pbento"|0|"; sentiTokens:; score:0;;;"|"RT @semvidapropria: O Paulo Bento s√≥ precisa de um despertador para acordar!"|"RT @semvidapropria: O Paulo Bento s√≥ precisa de um despertador para acordar!"
"209018707979153000"|Teste|"player"|"pbento"|0|"; sentiTokens:; score:0;;;"|"RT @boloposte: Os comentadores n√£o sabem quem √© que Paulo Bento deve tirar. √â telefonar a Pinto da Costa."|"RT @boloposte: Os comentadores n√£o sabem quem √© que Paulo Bento deve tirar. √â telefonar a Pinto da Costa."
"209026135437230000"|Teste|"player"|"pbento"|0|"; sentiTokens:; score:0;;;"|"RT @dita_dura: O Paulo Bento parece o S√≥crates um dia antes do pedido de ajuda ao FMI: em nega√ß√£o."|"RT @dita_dura: O Paulo Bento parece o S√≥crates um dia antes do pedido de ajuda ao FMI: em nega√ß√£o."
"209026452161691000"|Teste|"player"|"pbento"|0|"; sentiTokens:; score:0;;;"|"RT @G_L: Fam√≠lia a esta hora sequestrada RT @Schoffenhausen: Nem imagino o que o Relvas estar√° a dizer ao Paulo Bento, neste momento."|"RT @G_L: Fam√≠lia a esta hora sequestrada RT @Schoffenhausen: Nem imagino o que o Relvas estar√° a dizer ao Paulo Bento, neste momento."
"209001158688260000"|Teste|"player"|"pbento"|0|"; sentiTokens:; score:0;;;"|"Euro 2012: Paulo Bento promove seis trocas no jogo com a Turquia http://t.co/Wq3vUVbG"|"Euro 2012: Paulo Bento promove seis trocas no jogo com a Turquia http://t.co/Wq3vUVbG"
"209000734694440000"|Teste|"player"|"pbento"|0|"; sentiTokens:; score:0;;;"|"Miguel Lopes √© o s√©timo estreante da ¬´era¬ª Paulo Bento http://t.co/UUJtKvLg"|"Miguel Lopes √© o s√©timo estreante da ¬´era¬ª Paulo Bento http://t.co/UUJtKvLg"
"209024430247129000"|Teste|"player"|"pbento"|0|"; sentiTokens:; score:0;;;"|"O Paulo Bento parece o S√≥crates um dia antes do pedido de ajuda ao FMI: em nega√ß√£o."|"O Paulo Bento parece o S√≥crates um dia antes do pedido de ajuda ao FMI: em nega√ß√£o."
"209024700523884000"|Teste|"player"|"pbento"|0|"; sentiTokens:; score:0;;;"|"RT @dita_dura: O Paulo Bento parece o S√≥crates um dia antes do pedido de ajuda ao FMI: em nega√ß√£o."|"RT @dita_dura: O Paulo Bento parece o S√≥crates um dia antes do pedido de ajuda ao FMI: em nega√ß√£o."
"209024704764321000"|Teste|"player"|"pbento"|0|"; sentiTokens:; score:0;;;"|"Nem imagino o que o Relvas estar√° a dizer ao Paulo Bento, neste momento."|"Nem imagino o que o Relvas estar√° a dizer ao Paulo Bento, neste momento."
"209024008207872000"|Teste|"player"|"pbento"|0|"; sentiTokens:; score:0;;;"|"o Paulo Bento parece que tem 2 pedras na boca."|"o Paulo Bento parece que tem 2 pedras na boca."
"209023869619671000"|Teste|"player"|"pbento"|0|"; sentiTokens:; score:0;;;"|"ouvir: o Paulo Bento tem que mudar qualquer coisa faz-me lembrar quando eu era mais novo"|"ouvir: o Paulo Bento tem que mudar qualquer coisa faz-me lembrar quando eu era mais novo"
"209002294690332000"|Teste|"player"|"pbento"|0|"; sentiTokens:; score:0;;;"|"[VISAO]: Euro2012: Miguel Lopes √© o oitavo estreante da era Paulo Bento:  http://t.co/MVtfZCTc"|"[VISAO]: Euro2012: Miguel Lopes √© o oitavo estreante da era Paulo Bento:  http://t.co/MVtfZCTc"
"209002295524990000"|Teste|"player"|"pbento"|0|"; sentiTokens:; score:0;;;"|"[VISAO]: Euro2012: Miguel Lopes √© o s√©timo estreante da era Paulo Bento:  http://t.co/7l6QldQN"|"[VISAO]: Euro2012: Miguel Lopes √© o s√©timo estreante da era Paulo Bento:  http://t.co/7l6QldQN"
