-1|@AlexandrePais devia fazer uma grande entrevista ao Louçã sobre as propostas alternativas do BE eheeh
0|":-))) RT @FernandaFreitas: E 6ª, Sócrates vai ao prog do Nicolau breyner...Por este andar teremos a troika no conta-me como foi"" ou assim.."""
0|'Antes de eu mandar na RTP' - Passos Coelho anunciou ontem o seu programa para a comunicacao social.
-1|'colégios de freiras mistos' #win by Pedro Passos Coelho #psd #5pmn
-1|'Demprego e juros poderiam ser menores caso Sócrates tivesse pedido ajuda mais cedo'
-1|"“@joaomhenrique: José Sócrates decide não divulgar fotos de Passos Coelho, morto politicamente ontem na operação Troika"".”"""
-1|“@omalestafeito: Passos Coelho alertou a troika para não se deixar enganar pelo governo - e para ter cuidado com a malta da Emel”
0|“Isto é tudo relativo”: Na entrevista que deu hoje à RPT, Pedro Passos Coelho explicou que Diogo Leite Campos, v... http://bit.ly/kWN4r0
0|[DN]: Passos admite reduzir número de deputados para 181: O líder do PSD disse no programa 5 para a Meia Noite, ... http://bit.ly/iT7JGN
0|[DN]: Passos Coelho anuncia posição do PSD na embaixada de Portugal em Londres: O presidente do PSD, faz hoje, n... http://bit.ly/mg9UAQ
0|[DN]: Passos Coelho: Portugal vai ter de ir aos mercados financiar-se já em 2012: O presidente do PSD afirmou ho... http://bit.ly/j6ieOf
0|"[ECONOMICO]: Maioria do PSD é indispensável"": Líder do PSD volta a pedir maioria absoluta no dia em que Portuga... http://bit.ly/m6aL4C"""
0|[Publico]  Paulo Portas quer avaliação de professores baseada no modelo do particular e… http://goo.gl/fb/HTz6u
0|[Publico]  Sócrates esperava “grandeza na política” http://goo.gl/fb/ZyaBQ
0|[TSF]: Jerónimo acusa Sócrates de ter mentido e de ter feito propaganda:   http://bit.ly/mywQTY
0|[TSF]: Marques Mendes: «Não é tempo de regionalização»: O antigo líder do PSD considera que o país não deve avan... http://bit.ly/mqF2Ff
0|[TSF]: Passos manifesta «total comprometimento» com objectivos do memorando: O líder do PSD manifestou «total co... http://bit.ly/msfzS0
0|[TSF]: Portas defende que Portugal não tenha alternativa a acordo de ajuda externa: Comentando o acordo sobre a ... http://bit.ly/klOSdW
0|[ULTIMAS] Jerónimo acusa Sócrates de ter mentido e de ter feito propaganda http://bit.ly/ijc7H8
0|[ULTIMAS] Portas defende que Portugal não tenha alternativa a acordo de ajuda externa http://bit.ly/jY0HA7
0|[ULTIMAS] Sócrates diz que haverá «tempo de falar» sobre declarações da troika http://bit.ly/iLdjBl
-1|@albertokendall este Socrates é impressionante: nao tem descaramento nenhum e descarta-se das pessoas com um estalar de dedos
-1|@apombalivre Sócrates ñ tem essa importância @bytoke
-1|@arcebispo comer o Portas?? credo!! @luacintilante ;)
0|@bossito True. Mas o Passos Coelho também foi o único a defender a legalização do casamento homossexual na sua campanha interna.
-1|"@bossito ui, isso é grave Tenho 2 amigos FB q gostam"" de Paulo Portas, #medo"""
-1|@bytoke @mariomtteixeira ehehehe tem andado no solário o homem. ao menos Sócrates não faz hoje o que negou ontem... nunca fez tal coisa!!
-1|@catarina_mart não são conhecidos mas são estimados na casa dos 4 a 5%. Os juros que nos cobraram nos últimos meses são culpa do Socras
0|@catmagellan eu estava mais interessado em coisas q eles digam q n teja escrito. Ex. Comunicação do Sócrates ontem
-1|@ChicodeOeiras o passos coelho está gordo???
-1|@Dputamadre bom...esses não conseguem atingir, por isso não sofrem :) #Socrates
-1|"@Fahel_dragon Ninguém quer ser burro. Infelizmente, preocupar-se com isso já é um sintoma de burrice. Sócrates dizia só sei q nada sei"" LOL"""
0|@fcancio só por aí ve-se a isenção...basta lembrar quando e como foi com José Sócrates a ser constantemente interrompido
0|@FernandaFreitas por acaso o Sócrates vai amanhã conversar com o Alvim no 5praMeiaNoite
0|@filipelib O Sócrates faz o mesmo.
-1|"@filipelib O Sócrates já merecia um posto numa universidade"". Daria aulas de quê?"""
-1|@franciscoamaral e amanhã é a vez do Socrates ... Me-do!!!!!
-1|@franciscoamaral se a linha editorial é benfiquista não é anti-Sócrates... :-)
-1|@G_L Já estamos os dois a imaginar Sócrates a empatar jogo. O FMI não sabe onde se meteu
0|@G_L Mas eu acho que o Sócrates sabia isso ou não se tinha candidatado. Confesso que não esperava esta reviravolta a 1 mês das eleições.
1|@G_L O CDS vai ter bem mais de 10%. E ainda vou mais longe... Estas eleições e o próximo governo vão ser a catapulta para a década Portas.
-1|@G_L O discurso de Passos é incoerente. Tem razão. E Sócrates só mente. Como é q o povo vai reagir? Eu acho q vem aí muito voto de protesto.
1|@G_L O próximo governo vai durar pouco tempo 1 ano se tanto, vão ser precisas mais medidas e mais dinheiro. Portas vai saber capitalizar.
-1|@G_L Passos e o PSD ñ estão a dar mostras de ser alternativa, concordo consigo Mas a fórmula PS Sócrates rebentou com as finanças, é 1 facto
-1|@jcaetanodias @Peliteiro dos ~15 milhões de portugueses no mundo, há um mais vigarista que o Sócrates
-1|@JFBaptista Today i can only give you one big friends advice 'Sócrates it's not the future'. That's for sure :p
0|@joa15inho eu só falo das pessoas que conheço :) Vi alguns que não podiam ver Sócrates em 2009 e agora...
-1|@joaomiranda Você faz-me lembrar os tugas que gostam do Sócrates mas odeiam o Berlusconi. Só que ao contrário. :) @filipelib
-1|@joaovale O problema é que essa avaliação é feita por oposição a Sócrates... Falta saber se as pessoas não estarão saturadas desse estilo...
-1|@jorgecristino Cristino, quer dizer que não levas Sócrates a sério :)  http://t.co/teDpztM
-1|@kamponez mas o que diz o Socrates nao se escreve
-1|@kizapac mas é verdade, o homem tem uma retórica fraca!! e n tem o à vontade de Sócrates para espetar petas ao povo!!
0|@kizapac Não deveria ter respondido assim, mas faz bem não criar cenários q n existem.E tendo em conta a relação d sócrates com a imprensa..
-1|@kizapac Olhe que a carreira política dele não deve durar muito:) Mas que é ridículo falar em relação com a imprensa tendo em conta socrates
-1|"@luismidife: Ou entao queria um simpatico Coelhinho""."""
0|@manela98 Ou acha que só o Sócrates é que tinha de pagar mais IMI, é isso? É uma coisa localizada?
-1|@mariomtteixeira Pedro Passos Coelho está a perder cabelo. já mudou o penteado e já o pinta - Lá se vai o eleitorado jovem :D
-1|@martins_ana Eu não sou ninguém, os números falam por si. De números percebo eu. E o Governo de Sócrates foi uma catástrofe. Ponto final.
0|@Mileumsorrisos e o Pedro com o Sócrates.
-1|@noticiasrtp Erro grave de Sócrates em reconhecer a crise global http://bit.ly/knigug
0|"@noticiasrtp Passos Coelho manifesta total comprometimento"" com objetivos do memorando http://bit.ly/jk8A3T"""
0|@noticiasrtp Portugal vai ter de ir aos mercados financiar-se já em 2012 -- Passos Coelho http://bit.ly/jMOe9e
-1|@omalestafeito não deixem é entrar o Portas, se não desata aos beijinhos a tudo e todos ;)
-1|@patxocas O Nilton e o Passos Coelho acabaram de dizer que luanda é uma cidade limpa HAHAHAHAHHAHAHAHAHAH
-1|@paulohenriques o Socas ia falar sempre bem dele. Os troika não iam dizer q tinham sido mais brancos. É o q penso
-1|@paulopedroso isto depois do governo sócrates se ter vangloriado de q tinha salvo a SSocial; tudo por causa de más opções governativas
0|@paulopedroso Vamos ver se Sócrates fala hoje...
-1|"@PauloQuerido, Soares: Sócrates tardou a reconhecer a crise global"" ""Esse atraso do Governo ...foi grave para Portugal"" http://ow.ly/1cv3bG"""
1|@porfss Não acho, o Sócrates ganhou as eleições com o anúncio de terça-feira
-1|@Rui_Castro @paulopedroso até parece que estou a ver José Sócrates nas reuniões do Lehman e da S&P a mandar no subprime #carregaSócrates
0|@RuiCostaPinto Essa é uma crítica que se pode apontar a ambos. Senão como qualificar rábula do telefonema/reunião com Sócrates?
-1|@RuiCostaPinto hehehe ainda está pra nascer um político portugues pra ganhar essa do Sócrates
0|@sabesquesim so temos 2 hipoteses Socrates ou Passos por isso é facil de escolher
0|@supirinho fala com o Passos Coelho
0|#5meianoite O @Boinas devia entrevistar o Sócrates.
-1|#antena1 Erro grave de Sócrates em reconhecer a crise global:       ÂO Governo de JosÃ© SÃ³crates tardou em rec... http://bit.ly/jd2GAR
0|"#antena1 Passos Coelho manifesta total comprometimento"" com objetivos do memorando: O presidente do PSD, Pedro ... http://bit.ly/kzhTU3"""
0|#antena1 Portugal vai ter de ir aos mercados financiar-se já em 2012 -- Passos Coelho: O presidente do PSD afirm... http://bit.ly/kpgtiw
0|"#antena1 PSD apresenta programa eleitoral no domingo com amplo"" plano de privatizações: Pedro Passos Coelho anu... http://bit.ly/ksYbBk"""
-1|#apombalivre: #FMI: então o passos coelho tem programa eleitoral ou não tem? ou deixou-o no nilton e foi para o caixote do lixo da #troika?
-1|#apombalivre: #FMI:depois de ter escutado o passos coelho a falar sobre portugal apeteceu-me fugir de portugal. #troika
-1|#apombalivre: este passos coelho cansa-me tanto. mas tanto. #fmi #troika
0|#apombalivre: PS (José Sócrates) - 36% PSD (Pedro Passos Coelho) - 35% Marktest Abril http://tiny.cc/ztipy #FMI #Troika
-1|#Boinas RT @boinas: Novo Post: PORTAS TRAVESSO COM LUÍS BORGES: O dirigente dos centristas é o último convidad… (cont) http://deck.ly/~EDGi7
0|"#diarioeconomico Maioria do PSD é indispensável"": Líder do PSD volta a pedir maioria absoluta no dia em que Por... http://bit.ly/iBpUgS"""
0|"#diarioeconomico Passos Coelho compromete-se “a realizar” acordo com a troika"": O líder do PSD garantiu hoje qu... http://bit.ly/mLdhEj"""
0|#economia CDS-PP compromete-se com metas do acordo com troika: Paulo Portas anunciou hoje que enviará às  instân... http://bit.ly/lrvcRx
0|#jn Passos Coelho admite reduzir número de deputados: O líder do PSD disse esta madrugada, no programa 5 para a ... http://bit.ly/k8FhFU
0|"#jn Passos Coelho manifesta total comprometimento"" com programa de ajuda: (Em actualização) - O presidente do P... http://bit.ly/lenS5l"""
0|"#Passos Coelho do #PSD em entrevista à #RTP: Maioria absoluta indispensável"" http://bit.ly/lStMko"""
0|"#PPC Portugal é como quem sonhou que ganhou o euromilhões e gastou-o todo""  Pedro Passos Coelho"""
0|"#rr Passos Coelho pede maioria para cumprir acordo com a troika"": Passos Coelho anuncia que… http://goo.gl/fb/LNQfS"""
0|#rr Sócrates diz que acordo pode ser início da recuperação: José Sócrates apela ao fim dos… http://goo.gl/fb/ZAP6I
0|#rtp Passos Coelho anuncia posição do PSD na embaixada de Portugal em Londres: O presidente do PSD, Pe... http://bit.ly/kyqkQ3 #economia
0|#rtp Portugal vai ter de ir aos mercados financiar-se já em 2012 -- Passos Coelho: O presidente do PSD... http://bit.ly/kpgtiw #economia
0|#sábado Passos Coelho quer menos deputados: O líder do PSD,Pedro Passos Coelho, disse, quarta-feira, no programa... http://bit.ly/lp3gGk
0|"#sábado Passos manifesta total comprometimento"" com memorando: O presidente do PSD, Pedro Passos Coelho, manife... http://bit.ly/kJqorb"""
-1|#sala3 Eu trouxe 1 coelhinho para dormir comigo (Madalena S,3 anos)
-1|"#socras"" #mafia  : http://pt.scribd.com/doc/54685205/Diploma"""
0|"#visao Passos Coelho manifesta total comprometimento"" com objetivos do memorando.Pudera; foi ele que mandou vir a #troika #fmi"""
-1|4. Ao dizerem que PT deveria ter pedido ajuda mais cedo, desmontam a mais absurda das mentiras de Sócrates sob… (cont) http://deck.ly/~whIMq
-1|900 milhões de desempregados! Tudo culpa do Sócrates! In your face!
-1|A Antena1 conseguiu a proeza de referir apenas em 3 segundos que Sócrates tardou em pedir ajuda ao FMI... 3 segundos...
-1|A ler, nos comentários... «Passos Coelho apostou tudo no FMI e arrisca-se a ser a sua principal vítima» http://bit.ly/mLjbgQ
0|A mesma dupla que entrevistou Sócrates. Isto promete... pouco. #rtp
0|A pergunta que interessa: Passos Coelho aprovou aquele novo hino do PSD? #5meianoite
0|"A relembrar que hoje o Nilton tem como convidado o Pedro Passos Coelho, e tem a rúbrica É tudo á grande"" com o Sócrates... #5meianoite"""
0|A SIC está com uma linha abertamente anti Sócrates, pró-PSD e ... benfiquista ...
0|"A Troika vai é ao Eu já vos conto como vai ser"" RT @FernandaFreitas: E sexta, Sócrates vai ao prog do Nicola… (cont) http://deck.ly/~TN2wo"""
-1|Acabei de ouvir Socrates em direto na SIC, a dizer a cassete, que vai agora repetir à exaustão, nas próximas semanas. E que bem, que ele...
-1|Acho que o Sócrates tem um plano... de certeza :-) http://ow.ly/4No7N
-1|Actualmente o PSD é reconhecidamente uma laranja seca e sem sumo! Exemplo disso as entrevistas de Pedro Passos Coelho
-1|"Afinal de conta, cumpriu com o desejo de Sócrates para um País mais pobre!"" TS: “Tenho uma sensação de dever cumprido” http://t.co/NiA83OV"""
-1|Afinal Sócrates deixo isto bem pior do que as mais pessimistas previsões.Vamos pagar caro a arrogância do Governo eSócrates-Narciso Miranda
-1|"Agora é FMI+FEEF... é diferente :D RT @vcurado: Sócrates a 20/3: Não governo com o FMI"". http://j.mp/hxRKSB E agora???"""
-1|"agora me lembro @dita_dura não tinhas dito que não falavas mais do Sócras"" e que agora só ias defende-lo, yada yada.,.. :p"""
-1|Ah agora Já percebo a tactica das cartas do PSD! É para poupar a voz de Pedro Passos Coelho e não correr o risco de ficar mudo na campanha
-1|Ahahah @Le0silva , we know that Socrates it isn't the future, but I don't know if the portuguese people want a realy change... I will!
-1|"ahahah um dia feliz para todos “@caoazul: Bom dia! Ou como diria a mulher de Passos Coelho, uma Páscoa feliz para todos""”"""
-1|ahahahahahah RT @bytoke: RT @omalestafeito: depois desta entrevista, cheira-me que o Passos Coelho é a próxima cara do Licor Beirão
0|Ajuda externa: Portugal vai ter de ir aos mercados financiar-se já em 2012 -- Passos Coelho http://ow.ly/1cuyDX
0|Ajuda externa: Sócrates: Haverá tempo de falar sobre declarações da &#34;troika&#34; http://dstk.me/OZb
0|Albergue Espanhol: Sócrates e o socialismo http://kapa.biz/k3f
-1|Aldrabice de Sócrates desmacarada pela TROIKA: http://bit.ly/kruhPF #portugal #fmi #troika
-1|alguém sabe quem é que trata das avenças  para estar  no Twitter a glorificar  Sócrates. Precisava de sacar uma. a vida está lixada
0|Alvim vs. Sócrates: quem ganha? Hoje, no 5 para a meia noite http://www.youtube.com/watch?v=zm23OQhcUfY
0|Amanhã é José Sócrates é quinta #5meianoite #RTP2
0|Amanhã no #5meianoite o José Sócrates entrevista o @fernandoalvim
-1|Ao contrário das pessoas comuns, Passos Coelho não fazia nenhuma ideia das medidas impopulares num acordo com FMI # Greece #Ireland
-1|"Ao cuidado de Passos Coelho para usar com Relvas. RT @estadao: Site cobra até US$ 50 para terminar relacionamentos por telefone."""
0|ao menos a historia do oleoduto não serviu para mais uma piadinha sexual de Passos Coelho. estou mais descansado #5meianoite
-1|Aqui tem razão RT @jcaetanodias: @paulopedroso Até vão vender o ramo segurador da CGD -aquilo que PPC sugeriu e Sócrates usou p/a ataques...
0|"As crianças"" de hoje que falam mal de Sócrates serão os ""homens"" de amanhã que desancarão P.P.Coelho...."""
0|As pessoas que mais tenho visto a favor de Sócrates nas últimas semanas votaram BE em 2009.
0|Associated Press vai boicotar um debate republicano pq só pode tirar fotografias no inicio.Se estivessem em PT, nunca iriam cobrir Sócrates
0|até ao Natal está tudo bem! RT @sicnoticias: Passos Coelho diz que Portugal vai ter de ir aos mercados financiar-se já em 2012...
1|Até o CDS gostou! RT @jalmeida76: A última hora mostrou a necessidade de Paulo Portas se assumir como candidato a PM. O CDS é a alternativa.
0|Até que enfim falam nisto!.RT @cmjornal Passos Coelho quer menos deputados http://xl.pt/r/iGNyEX
-1|Até Soares já percebeu... RT @antena1rtp: Erro grave de Sócrates em reconhecer a crise global:  http://bit.ly/jQNXgj
-1|Avençados RT @Amsguimaraes Uma tristeza os comentários dos afiançados do Socrates sobre PPC, lamentável mesmo, enfim...
-1|Basílio Horta: É de grande gravidade se Pedro Passos Coelho for primeiro-ministro (@JNegocios) http://t.co/ruh7jOu
-1|"Boa viagem, crise por crise, talvez a Irlanda seja o melhor sítio para estar, :) pelo menos, não tem Socras"" RT @rafaqueque: Rumo a Dublin."""
-1|Cada vez que oiço Sócrates sinto-me tentado a oferecer-me para colar cartazes do PSD. E nunca votei no PSD
-1|Carlos,estás a entrar por terrenos perigosos. RT @cabreuamorim: Vale e Azevedo,talvez?  RT @RuiCostaPinto: RT @Peliteiro: vigarista Sócrates
0|CDS-PP compromete-se com metas do acordo com troika - Paulo Portas anunciou hoje que enviará às instâncias internaci... http://ow.ly/1cuvQT
0|Chumbo do PECIV fez descer os juros em 5%: FMI vai exigir 3,25% nos primeiros três anos.Como diria Sócrates, ain... http://bit.ly/jfZ35E
-1|Clube das Repúblicas Mortas: Sócrates: Mentir, propaganda, mentir, propaganda com a ajuda dos jornalistas-amigos http://kapa.biz/k1h
-1|Coelhinho se eu fosse como tu mandava o FMI levar no... Coelhinho se eu fosse como tu mandava o FMI levar no...
0|"Com micros fechados Teix dos Santos desabafou: Fiquei mto triste com o boneco de cartão posto ao lado do Sócrates. Nada parecido comigo""."""
-1|Com o mesmo escalão máximo? RT @CDSPP: O CDS irá lutar por uma reforma do IRS com menos escalões e mais amigo das famílias - Paulo Portas
-1|Começo a achar de muito mau gosto o Paulo Portas falar de despesas desnecessárias………
-1|como seria Portugal se o Socras nao fosse tao casmurro?
-1|Comunicação de Sócrates foi 'escandalosa manobra' partidária, diz Jerónimo de Sousa http://bit.ly/jLrMxG
-1|Concessionários querem abrir época balnear mais cedo: com  o desemprego que Sócrates nos arranjou, é melhor passar os dias na praia
-1|Conta de um a dez. Esse é o tempo que o Passos Coelho demoraria a tirar o país da crise... dezasseis vezes.
-1|"dê tempo a quem precisa"" :) RT @apombalivre: #apombalivre: este passos coelho cansa-me tanto. mas tanto. #fmi #troika"""
-1|Depois das declarações da Troika, ainda estou para ver Sócrates anunciar que a culpa de um resgate tão tardio foi da oposição... #FMI
-1|Depois de Thomsen, agora é a vez de Soares confirmar o q sabiamos: Sócrates foi teimoso e isso custará muito ao país http://bit.ly/j5sGB6
-1|DESESPERO  LOL  PSD acusa Sócrates de cobardia política e diz que FMI governa melhor que PS - Portugal - DN http://t.co/9dn00hY via @AddThis
-1|Disclaimer: eu nunca disse que Sócrates é atrasado mental. Ninguém pode sofrer de deficiência ou patologia daquilo que é desprovido.
0|Do blog: Sócrates ri de quê? http://bit.ly/iyFx58
0|Duvida: o Nilton que está a entrevistar a Passos Coelho é o mesmo Nilton que escreve no Albergue Espanhol?
-1|É bem provável!!! :DD RT @filipelib canção preferida de sócrates? http://bit.ly/jhpcWK #mentirinhas
-1|é como o Chuck Norris! RT @AnaRitaGuerra: Ahahahahaha @dita_dura: O Passos Coelho não usa relógio. Ele decide que horas são.
-1|É como pedir ao Sócrates o dinheiro que ele derreteu RT @AndyAcci New York Doctor Wants Kidney He Donated To Wife Back.
-1|"É de grande gravidade"" se Passos Coelho for primeiro-ministro http://t.co/auodjBJ"""
0|É essencial que cada escola possa ter uma identidade um projeto educativo - Paulo Portas
-1|é impressão minha, ou a namorada do sócras anda histérica?
0|E na Sexta feira vai ser o Paulo Portas?
-1|E o Jerónimo de Sousa q/estava a dizer que faltam Leis ...A impunidade DEMOCRÁTICA é que parece um DIREITO adquirido e isso s/ Leis a mais!!
0|E Pedro começa por dizer q o aumento da dívida é culpa de Sócrates. Ver, os factos, aqui: http://twitpic.com/4no403
-1|E Pedro Passos Coelho avança para mais uma mentira: o congelamento das pensões mais baixas. Em directo, p/ todo o país, na RTP1.
0|"E sexta, Sócrates vai ao prog do Nicolau breyner... Por este andar teremos a troika no conta-me como foi"" ou assim..."""
-1|"É tudo à grande"" com o nosso Primeiro Ministro José Sócrates. http://fb.me/YuJEyALp"""
-1|É verdade. Daí os meus ciumes :d @Dputamadre @Xuta O #Socrates é 1 Inspirador nato :))
-1|"eheheheh RT @joaomhenrique: José Sócrates decide não divulgar fotos de Passos Coelho, morto politicamente ontem na operação Troika""."""
0|Eis João Marcelino a explicar e a justificar Pedro Passos Coelho
0|Eleições: Passos Coelho admite reduzir número de deputados para 181 http://dstk.me/OYP
0|Eleições: Paulo Portas quer exames no final de cada ciclo http://dstk.me/OZU
0|Enquanto isso, na entrevista de Passos Coelho... Ooops... http://yfrog.com/h7oo7hlj
0|"Então o Sócrates, andou aos gritos, com os tipos da troika"". Noticia do CM. Bem feita, para saberem, o que temos sofrido !!!"""
-1|Então?? RT @sabesquesim: Não é com Passos Coelho que vamos lá!
1|EPIC WIN de passos coelho... LOOOL
-1|Era destas medidas do FMI que o nosso PM Sócrates tinha medo!? Medidas que os nossos políticos já deviam ter tomado há anos atrás!?
-1|Erro grave de Sócrates em reconhecer a crise global:       ÂO Governo de JosÃ© SÃ³crates tardou em reconhecer a... http://bit.ly/jQNXgj
-1|Erro grave de Sócrates em reconhecer a crise global:  http://bit.ly/jQNXgj
-1|Erros graves do Passos Coelho: (1) criticar sem propor, (2) falar em medo e n projectar confiança. Mas não há um conselheiro eleitoral?!
-1|"esperava o sururu com a escolha de F. Nobre?"" ""não por acaso não"". parecia aquela entrevistas do Dr. Pinoquio #5meianoite"""
1|Essa rapaziada precisa. Têm estado muito bem recentemente. RT @Publico: Jerónimo de Sousa critica a ajuda d… (cont) http://deck.ly/~Viwzn
-1|Esta entrevista de Pero Passos Coelho na RTP2 é uma chatice para quem o quiser criticar, está impecável.
-1|Esta foi para #Sócrates: «Com ajuda mais cedo, seria menos doloroso» #Troika
1|Está mesmo na HORA DE MUDAR!  Todos com Pedro Passos Coelho, porque Mudar é essencial! http://fb.me/QAPzUXOB
0|Está quase na hora dos telejornais e Cameron ainda não arranjou um minuto para receber Passos Coelho:  http://bit.ly/iFas5d
1|Estava de saltos altos. :) . RT @dita_dura: Paulo Portas esteve muito bem. Não sou grande fã dele, mas anda a crescer e muito.
-1|Este passos coelho é um pau de dois bicos...
-1|"estes CONSERVADORES...- Basílio Horta: É de grande gravidade"" se Pedro Passos Coelho for primeiro-ministro  http://xl.pt/r/j0gtqN"""
-1|Estou à procura de uma música a gozar com o Passos Coelho. Alguém sabe do que se trata?
-1|Estou aqui quase quase quase a emocionar-me com as palavras de Paulo Portas...
-1|Eu diria + playmobil ;) RT @FantasmaTioBin O cabelo do portas esta cada vez mais parecido com um boneco da LEGO
-1|Eu já vi, um tipo que tinha uma tasca no Algarve. RT @kamponez: RT @Peliteiro: Nunca vi ninguém tão descaradamente vigarista como o Sócrates
1|eu ñ votei BE e defendo o PM + q nunca RT @Beijoz: As pessoas q mais tenho visto a favor de Sócrates nas últimas semanas votaram BE em 2009.
0|Eu quase meto dinheiro em como o Sócrates ganha outra vez.
-1|"Eu sou o Passos Coelho. Vim de Tras-os-Montes para Lisboa e passei a dizer táver?"""""
0|Exactamente Portas sobre as PPP.
-1|"Fez declarações parecidas com esta?"" Mas Passos Coelho não viu as mesmas declarações que eu?"""
-1|FMI e CE enterraram hoje Sócrates e um ciclo governativo desastroso http://bit.ly/mt5xEP
-1|FMI é horrivel dixit Passos Coelho
0|Fui só eu que achou, nas declarações agora,  que este Paulo Portas, está mais próximo do actual PS do que do actual PSD?
-1|Hahaha RT @omalestafeito depois desta entrevista, cheira-me que o Passos Coelho é a próxima cara do Licor Beirão
-1|Haja algum que reconheça a cegueira  QT @antena1rtp: Erro grave de Sócrates em reconhecer a crise global: http://bit.ly/jQNXgj
-1|Hoje o Pedro Passos Coelho vai ao 5 para a meia noite! Com o Nilton.. vai ser demais, mas eu vou estar a dormir quase de certeza, ahah
-1|hoje temos o Passos Coelho no sofá do 5 para a meia noite...pelo menos hoje a palhaçada está garantida! (ma… (cont) http://deck.ly/~RTknm
0|Houve a pergunta gira? Ou giras foram só as respostas de Passos Coelho?
-1|Isso é outra maneira de chamar incompetente a Socrates RT @joaomiranda: Tá um gajo a dizer que se Portugal tiv… (cont) http://deck.ly/~WJ4qa
-1|Já está a cair o cabelo ao Passos Coelho e ainda não chegou a PM!
-1|Já explicou a Passos Coelho pqê? RT @NewsPortugal: [Sol] Catroga defende não-privatização da Caixa Geral de Depósitos http://bit.ly/k7doM4
-1|Já li e fiquei com ciumes...;) RT: @Dputamadre F-Se! Cartas a Sócrates - [2]; As Minhas Cartas São Mais Bo-ni-tas que as de Catroga :)
-1|Ja nao se pode jantar sem levam com o socras?
-1|Já vos disse o quão lindo é ver estrangeiros que chamam a Sócrates charlarão? Estou maravilhado.
0|Jerónimo de Sousa critica a ajuda da Troika à banca http://publico.pt/1492724
0|Jerónimo de Sousa diz que empréstimo da troika só vai servir a banca http://www.ionline.pt//c121113
0|Jerónimo de Sousa em directo! #RTP1
-1|"Jerónimo diz que comunicação de Sócrates foi escandalosa manobra para fins partidários e eleitorais""    http://ow.ly/4Np2X"""
-1|José Gomes Ferreira na SICN a tentar passar a imagem que a Troika foram marionetas nas mãos do Temível Sócrates. Espantoso!
-1|"José Sócrates decide não divulgar fotos de Passos Coelho, morto politicamente ontem na operação Troika""."""
0|jose socrates na ovibeja dia 5, é pena eu n estar cá
-1|José Sócrates omitiu algumas das medidas de austeridade mais duras q constam no memorando de entendimento entre 'troika' e Governo - Portas
0|"José Sócrates: O Governo fez um acordo para defender os interesses de Portugal"" - http://is.gd/z3z6eA"""
-1|Larguem o Passos Coelho! Tudo para a RTP 2!
-1|Ler: Sócrates: Mentir, propaganda, mentir, propaganda com a ajuda dos jornalistas-amigos http://j.mp/ligwZF #blogues
-1|Li e Gostei: Sócrates: Mentir, propaganda, mentir, propaganda com a ajuda dos jornalistas-amigos http://ow.ly/1cvfQk
-1|lol “@omalestafeito: depois desta entrevista, cheira-me que o Passos Coelho é a próxima cara do Licor Beirão”
-1|LOL Cantiga Esteves a chamare Madoff a Sócrates
-1|LOL LOL RT @VitorBranco Sócrates, andou aos gritos, com os tipos da troika. Noticia do CM. Bem feita, para saberem, o que temos sofrido !!!
-1|lol RT @DuarteMarques Li o Acordo e PECIV e não vi semelhança.Será que ninguém traduziu o doc p Sócrates ler?Aquilo não tá em inglês técnico
-1|Lol RT @fcancio: tu e os dentes, mulher RT @LIAWHITING1: Num dentista perto de si RT @fcancio: onde? RT @margvs: Paulo Portas em directo
-1|LOL, agora boca ao Portas... muito bom
-1|"LOOL RT @FantasmaTioBin: O Sócrates reúne a sua equipa no balneário e grita: NÓS ..... ATÉ O RELVAS COMEMOS :( ! """""
-1|LOOOOOLLLLLLLL RT @dputamadre: #ILoveSocrates more :) - http://f-se.blogspot.com/2011/05/f-se-cartas-socrates-2-as-minhas-cartas.html
0|"Maioria absoluta indispensável"": O líder do PSD, Pedro Passos Coelho, afirmou esta noite na RTP1 que é ""indispe... http://bit.ly/iZa3YR"""
0|"Maioria do PSD é indispensável"": Líder do PSD volta a pedir maioria absoluta no dia em que Portugal conheceu o ... http://bit.ly/jFXvnF"""
-1|Mais aldrabices do Sócrates desmacaradas pela TROIKA: http://bit.ly/kruhPF #portugal #fmi #troika
0|Mais logo no #5meianoite o José #Sócrates entrevista o @fernandoalvim
-1|Mais uma aldrabice do Sócrates desmacarada pela TROIKA: http://bit.ly/kruhPF #portugal #fmi #troika
-1|mamma mia RT @margvs: Passos Coelho estará em entrevista, daqui a pouco, a explicar q, ao contrário de Portas, ainda ñ decidiu o que fazer.
-1|Marcelino e Vaz não conseguem falar de Passos Coelho da forma como esteve à vista: hesitante, desnorteado. Para isto servem os comentadores
0|MARINHA GRANDE: Jerónimo Sousa na próxima segunda-feira na colectividade do Pêro-Neto. Inscreve-te já 244568675! http://twitpic.com/4tewa1
0|Marques Mendes: «Não é tempo de regionalização»: O antigo líder do PSD considera que o país não deve avançar já ... http://bit.ly/iw6FCM
0|Mas a ajuda nao é toda para a banca?... RT @Publico: Jerónimo de Sousa critica a ajuda da Troika à banca
-1|"Mas ainda não se foi embora?? RT @sicnoticias: Sócrates esperava grandeza na política"" para se reconhecer que foi ""... http://ow.ly/4Nq2a"""
-1|"Mas eu tenho q estar a ver o Sócrates na TV com um cartaz por trás a dizer Defender Portugal""? O tipo que arruinou financeiramente o país?"""
-1|Mistura explosiva RT @paulohenriques: @pfigas já viste que na 6a o Socrates e o Lobito vão ao Nicolau? Eheheh!
-1|Muita gente surpreendida: o Passos Coelho é uma pessoa normal ;-) #5meianoite
0|Muitos eleitores irão votar no Passos Coelho se ele prometer não falar ao país durante jogos da Liga dos Campeões.
0|Não é Fail é a realidade RT @t_jaraujo: #Fail RT @Daniel___San @sabesquesim so temos 2 hipoteses Socrates ou Passos por isso é facil de...
-1|não está lólóló RT @sandraalmeida: @ChicodeOeiras o passos coelho está gordo???
1|Nao ouvi a entrevista de Passos Coelho mas dizem-me que esteve bem e esclarecido. Se assim foi optimo porque o pais precisa de um PM assim!
-1|NEM SEQUER O QUERO!!!  RT @O_odraciR: eu quero menos Rabbit Steps “@cmjornal: Passos Coelho quer menos deputados http://xl.pt/r/iGNyEX”
0|Nilton com Pedro Passos Coelho. #5meianoite RT @prumix @jimbras quem é hoje?
-1|"No Shit ?!  RT @itwitting: Passos Coelho diz que programa eleitoral do PSD inclui amplo"" plano de privatizações http://bit.ly/mlgwNK"""
-1|"no shit! RT @Lusa_noticias Comunicação de Sócrates foi escandalosa manobra"" de utilização do Estado ""para fins partidários e eleitorais"""""
0|novo post: Pacheco & Louçã: Foi um programa desblocado, em que se falou de política e de capitalismo à escala do... http://bit.ly/l8MxZn
-1|Novo Post: PORTAS TRAVESSO COM LUÍS BORGES: O dirigente dos centristas é o último convidado do Especial Eleições... http://bit.ly/iJkb2g
-1|Nunca vi ninguém tão descaradamente vigarista como o Sócrates.
0|O acordo (nestes moldes) com o FMI e os disparates do Coelho salvaram Sócrates. RT @AlexandrePais: Assoem-s… (cont) http://deck.ly/~tGhHA
0|O Catroga fala sempre em nome próprio. Será que quer o lugar do Passos Coelho?
0|O CDS irá lutar por uma reforma do IRS com menos escalões e mais amigo das famílias - Paulo Portas
0|O convidado do Alvim é...:  NADA MAIS, NADA MENOS DO QUE JOSÉ SÓCRATES !    O Primeiro Ministro de Portugal arra... http://bit.ly/luqYNI
0|O discurso do não: Francisco Queirós José Sócrates falou ao país na noite de terça-feira. Veio dizer-nos q... http://tinyurl.com/3luogo4
0|O engenheiro #socrates está na #ovibeja. Alguém quer que lhe dê um recado? http://twitpic.com/4tnyfb
0|"Ó Luís, o que é que eu digo? \ Sócrates: Haverá tempo de falar sobre declarações da troika"" http://ow.ly/4NRqw"""
-1|O meu balanço é q isto ñ está mesmo tão mal como faziam crer. E segundo, podíamos estar melhor se o Socras não fosse mentiroso e teimoso
0|O mmo Vale e Azevedo que foi de um governo PSD? RT @31darmada: a mesma luta - Oiço Sócrates pedir grandeza … (cont) http://deck.ly/~CZiuS
-1|O momento da noite: Passos Coelho espera que a tróica não tenha sido enganada. Hoje mesmo vou pedir a Obama que mande os SEAL a S.Bento.
-1|O mundo de Sócrates muda muito, muito rapidamente, muitas vezes... http://j.mp/f10Efo
-1|"O País com que Sócrates sempre sonhou... p/ elles"" .......!!!!!!!!!!! http://is.gd/PZ4tpr"""
-1|O Passos Coelho é a única pessoa do mundo que pode dividir por zero.
0|O Paulo Portas esfrega as mãos...
0|O Paulo Portas está a rebentar a escala no populistómetro.
-1|"O Pedro Passos Coelho antes de talvez ser primeiro-ministro já diz que quer ganhar  à grandeee "". É tudo à grande com este homem."""
-1|O pior é que continua RT @CienAoNatural: Se Sócrates, nos últimos 6 anos, tivesse passado mais tempo a trabalh… (cont) http://deck.ly/~o9a14
-1|O PM fez um bonitinho a custa dos portugueses, outra vez.: Sócrates anunciou aquilo que não ia acontecer e deixo... http://bit.ly/iqjxoP
-1|O problema do PPC é não ter a retórica de Sócrates!! Se fosse aldrabão cm ele e mentisse com a mesma facilidade era adorado por todos!!
0|O próximo Gov está livre para suspender o TGV e promover o investimento em fundos estruturais na agricultura - Paulo Portas
0|O que é o 14º mês q o Sócrates falou ontem?
0|O que mais desejo neste momento é que termine o tempo em que o País tinha PEC que prometiam resolver tudo e redundavam num novo PEC - Portas
-1|O que tem o Socrates...??? Sem vergonha na cara ainda Julga que somos todos tolos ..., essa merda contagia-se ..???
-1|"O Taxidermista Pinto de Sousa"" dava um bom título :) RT @a_woman: @arcebispo Nas conferenc do estoril. O TS ja n esta empalhado ?"""
-1|O Teixeira dos Santos hoje já está com outra cara... será por não vir com o Pinócrates atrelado??
-1|O veneno de Sócrates \ The Economist http://t.co/KMFFfXC via @theeconomist
-1|O veneno de Sócrates: Mr Sócrates says that the fact that the EU and the IMF have allowed more  time for deficit... http://bit.ly/k3EEH5
-1|"Obrigado José Sócrates! RT @JornalNoticias Medidas seriam menos restritivas se Portugal tivesse pedido ajuda antes"",- http://bit.ly/imQ7ME"""
-1|Oh, eu tb sou, e depois?isso faz de  Mim noticia?! RT @dita_dura: Sócrates diz que é um homem 'sentimental' -  http://t.co/r6MoPDp
0|olha... Passos Coelho vai ser entrevistado pelo mandatário de Nobre na rtp2 esta noite... que belo arranjo
0|onde? RT @margvs: Paulo Portas em directo
0|ops, Teixeira fala de Sócrates.
-1|Os esquecimentos de Sócrates - http://barreiroweb.com/bweb/?p=1862
0|Os Gato Fedorento recordam o tempo em q Paulo Portas era Ministro da Defesa e dos Assuntos do Mar: http://youtu.be/eKTac1xuu_4
-1|Os juros com o acordo da troika:  Por teimar em não pedir ajuda externa, Sócrates andou a enterrar-nos durante t... http://bit.ly/mNfkw3
1|Os socialistas da minha timeline não estão a gostar da entrevista de @passoscoelho. Uma vez que gostam da de Sócrates, deve ser um bom sinal
-1|Ou é de mim ou a cambada Socialista anda toda maluca a criticar tudo e todos exepto o Socrates???? Cambada de MANSOS
-1|Ou os portugueses todos no Biggest (Money) Loser. RT @FernandaFreitas: E sexta, Sócrates vai ao prog do Nicolau breyner... Por este andar...
0|Outro marco histórico da governação Sócrates - Retirado daqui.    PS: Aviso às brigadas de comentadores anónimos soc... http://ow.ly/1cvmLu
0|Para a perg ter sentido, aponte as contradições RT @Peliteiro: Se ganhasse, Sócrates seguiria o programa de Governo do PS ou o da Troika?
-1|"Para virgem ofendida na altura do PEC IV, o Pedro Passos Coelho está muito avançadex. Já assina"" acordos no 5 para a meia-noite."""
-1|Parece que a Troika diz do PEC4 e do que estava previsto, o contrário do que diz sócrates e o mesmo que diz PPC
0|Passos anuncia apoio a medidas da troika em programa de humor na RTP2: Pedro Passos Coelho anunciou no início da... http://bit.ly/l7WBpp
-1|Passos Coelho - Mais do mesmo!  http://entrelinhasentregente.blogspot.com/2011/05/passos-coelho-mais-do-mesmo.html
-1|Passos Coelho a dar voltas à Caixa! Ai a caixa - valha-me deus, que eu sou ceguinho
0|Passos Coelho admite “choque de competitividade” com desvalorização fiscal http://publico.pt/1492890
0|Passos Coelho admite reduzir número de deputados   http://ow.ly/4NB7M
0|Passos Coelho admite reduzir número de deputados para 181 http://pulsene.ws/1wiwJ
0|Passos Coelho admite reduzir número de deputados: O líder do PSD disse esta madrugada, no programa 5 para a Meia... http://bit.ly/lGnNJp
0|Passos Coelho admitiu ontem no #5meianoite reduzi número de deputados de 230 para 181. http://goo.gl/elTym
0|Passos Coelho alertou a troika para não se deixar enganar pelo governo - e para ter cuidado com a malta da Emel
0|Passos Coelho anuncia posição do PSD na embaixada de Portugal em Londres  (www.lusa.pt)
-1|Passos Coelho colocou fotos de Sócrates a fazer jogging debaixo da porta de Poul Thomsen para pressionar a troika http://bit.ly/m31KKq
0|"Passos Coelho compromete-se “a realizar” o acordo com a troika"" http://dlvr.it/QfwKl"""
0|"Passos Coelho compromete-se a realizar acordo com a troika"": O líder do PSD garantiu hoje que vai assinar o mem... http://bit.ly/me8bPX"""
0|Passos Coelho comprometido com objectivos do memorando: O presidente do PSD, Pedro Passos Coelho, manifestou hoj... http://bit.ly/k1E9ux
0|Passos Coelho diz que a troika lhe veio dar razao - PT devia ter pedido ajuda mais cedo.
0|Passos Coelho diz que não quer ser primeiro-ministro a qualquer preço  http://ow.ly/4NC8i
0|"Passos Coelho diz que programa eleitoral do PSD inclui amplo"" plano de privatizações http://www.ionline.pt//c121135"""
0|"Passos Coelho diz que vai apresentar programa no domingo, antes do início dos debates televisivos""...que começam na sexta."""
0|Passos Coelho e preçário do poder: http://bit.ly/iM8Es9
0|Passos Coelho em directo na rtp1
-1|Passos Coelho irá reagir oficialmente ao acordo com a Troika, a partir de Londres. Estes tipos não se exergam.
0|Passos Coelho manifesta 'total comprometimento' e envia carta a troika http://bit.ly/mbnTrS
0|"Passos Coelho manifesta \total comprometimento\"" com programa de ajuda: (Em actualização) - O presidente do PSD... http://bit.ly/iHOMWy"""
0|"Passos Coelho manifesta total comprometimento"" com objectivos do memorando - http://bit.ly/kFcI9n"""
1|"Passos Coelho não mente ! Nilton oferece uma t-shirt: Vou utilizar esta t-shirt... para dormir à grande e impressionar a minha mulher"""""
0|Passos Coelho no #5meianoite na @RTP2 com @niltoncomedy.
0|Passos Coelho no 5 para a Meia Noite...
-1|Passos Coelho parecia que estava a tentar fazer um puzzle com berlindes
0|"Passos Coelho pede maioria para cumprir acordo com a troika"": Passos Coelho acusa o Governo de José Sócrates de... http://bit.ly/moBN6r"""
-1|Passos Coelho primeiro diz que o defice é resultado dos últimos 15 anos de governação ...minutos depois é só é dos ultimos 6
0|Passos Coelho quer menos deputados http://xl.pt/r/iGNyEX
0|Passos Coelho reúne com investidores estrangeiros em Londres http://ow.ly/1cvtcl
-1|"Passos Coelho sabotou"" o Governo para a entrada do FMI e ameaça fazer o mesmo para incumprimento se não for eleito http://t.co/BbhWdP4"""
-1|Passos Coelho tem de melhorar o seu discurso
-1|Passos Coelho viaja na maionese...maioria absoluta?!? quero ver as palavras dele qdo passar a 3ª força politica...
0|Passos Coelho: “É indispensável uma maioria absoluta do PSD” http://dlvr.it/Qdz0B
0|Passos Coelho: Portugal vai ter de ir aos mercados financiar-se já em 2012 http://bit.ly/kjqR0j #Portugal
0|Passos compromete-se a aplicar memorando de entendimento: Pedro Passos Coelho anunciou que se vai «comprometer a... http://bit.ly/lkiSou
0|Passos manifesta «total comprometimento» com objectivos do acordo: O líder do PSD manifestou «total comprometime... http://bit.ly/ikZReV
-1|paulo futre na tvi, passos coelho na rtp. estranhamente, o discurso do primeiro é mais inteligível.
-1|"Paulo Portas a falar na SIC - Olha quem esta a falar ? mais um Porco"" que afundou Portugal com submarinos."""
1|Paulo Portas esteve muito bem. Não sou grande fã dele, mas anda a crescer e muito.
1|Paulo Portas garante que tudo fará para esta ser a última vez que Portugal recorre a ajuda externa. http://fb.me/10CBR06GD
-1|Paulo Portas o homem dos mil milhões debaixo de água, como quem diz os submarinos...
0|Paulo Portas quer avaliação de professores baseada no modelo do particular e exames no final de cada ciclo http://publico.pt/1492831
-1|"Paulo Portas também diz vai de encontro"", só se for de encontrão: Helena de Sacadura Cabral, filho mau aluno a português é culpa de quem?"""
0|PCP: Jerónimo de Sousa diz que troika “conduzirá à miséria” http://goo.gl/fb/GWJJG @ciberjunta
1|Pedro Passos Coelho é tão diferente de Sócrates que dificilmente haverá eleitorado indeciso no momento do voto. O que é bom. Clarificador.
0|"Pedro Passos Coelho em directo na RTP2 no 5 para a meia noite""."""
0|Pedro Passos Coelho is in the building. #5meianoite
0|Pedro Passos Coelho no 5 para a meia noite agora.
0|Pedro Passos Coelho no 5 para a meia noite...
0|Pedro Passos Coelho tem de por mais tabaco
0|Pedro Passos Coelho, agora, no 5 para a meia noite...
-1|Pensamento do dia (ou da noite se preferirem): «Depois do Passos Coelho até tenho saudades do Santana Lopes»
-1|Pequeno desafio para a máquina de comunicação socrática: Sócrates e a sua máquina de propaganda foram apanhados ... http://bit.ly/jX16qW
0|Pergunta simples ©: Se o leitor fosse dirigente laranja, que atitude tomaria se tivesse ouvido Passos Coelho a d... http://bit.ly/lOk7ss
-1|Plano de ajuda é necessário, difícil e duro, diz Passos Coelho: Passos Coelho acusa o Governo de José Sócrates d... http://bit.ly/kz3SGh
-1|por dinheiros e medalhas - &gt; ARRASTA-SE (?) LOL Portas compromete-se com metas do programa - Portugal - DN http://t.co/8dy5PyB via @AddThis
-1|Porque têm medo do Sócrates?...
-1|Portas acusa Sócrates de omitir algumas medidas de austeridade http://www.clubedosinvestidores.com/?p=25030
0|Portas anuncia apoio ao plano da troika às 20h40- Economia - Jornal de negócios online http://t.co/NgJxknI
0|Portas compromete-se com metas do programa de ajuda externa: O líder do CDS-PP, Paulo Portas, anunciou ontem que... http://bit.ly/lBRMZr
0|Portas compromete-se com metas do programa de ajuda: O líder do CDS-PP, Paulo Portas, anunciou esta quarta-feira... http://bit.ly/mldK0U
0|Portas continua a preparar-se para ser primeiro-ministro: Troika teve de reunir com o líder do CDS durante o tre... http://bit.ly/jb0hTn
0|Portas defende que Portugal não tenha alternativa a acordo de ajuda externa: Comentando o acordo sobre a ajuda e... http://bit.ly/jiHDuN
0|Portas e o CDS irão roer a corda? #troika
0|Portas, nao vai ser a ultima vez que chamamos o FMI. Certamente que o PS há-de ganhar mais eleições no futuro próximo.
0|Portas!
0|"Portugal devia ter pedido ajuda mais cedo, diz representante do FMI"". Sócrates vai-lhe responder por volta das 20h50...http://bit.ly/mp1yrC"""
0|Portugal tal & qual: Passos, Sócrates e os media http://bit.ly/jte6np #Henrique Raposo
0|Portugal vai ter de ir aos mercados financiar-se já em 2012 - Passos Coelho  (www.lusa.pt)
-1|Post do @nunonsantos \ FMI e CE enterraram hoje Sócrates e um ciclo governativo desastroso http://ow.ly/4NI81
0|Pro Evolution Sócrates:  http://twitpic.com/4tezew
-1|prontoS, há coisas q escapam RT @margvs: Passos Coelho não deu conta que não há UMA referência à segurança social no memorando.
-1|Prova da falta de estratégia do PSD é Passos Coelho anunciar q vai subscrever o Acordo #troika num programa q dá à 1h/manhã em x dum às 21h.
0|PS: Basílio Horta considera de 'grande gravidade' se Pedro Passos Coelho for primeiro-ministro http://bit.ly/kWu6tA
-1|PSD acusa Sócrates de cobardia política - http://goo.gl/HrGro , sim filho
0|"PSD apresenta programa eleitoral no domingo com amplo"" plano de privatizações: Pedro Passos Coelho anunciou hoj... http://bit.ly/kLocia"""
0|PSD apresenta programa eleitoral no domingo: Pedro Passos Coelho anunciou esta quarta-feira que o programa eleit... http://bit.ly/jDQ1Yp
0|PSD e Pedro Passos Coelho apresentam programa eleitoral no Domingo. http://goo.gl/Y0rLv
0|PSD vai aplicar plano amplo de privatizações se chegar ao Governo: Pedro Passos Coelho anunciou hoje que o progr... http://bit.ly/mqswQR
0|PSD: «Portugal vai ter de ir aos mercados já em 2012»: Passos Coelho diz que ajuda externa acordada só cobre 80 ... http://bit.ly/lYVLe7
0|PSD: Passos Coelho admite reduzir número de deputados para 181 http://bit.ly/lN6UXr
-1|"Quando Deus disse Que se faça a luz!"", o Passos Coelho respondeu ""Diga 'por favor'."""""
-1|Quanto foi divida criada p/ governo PS/Sócrates? 80.000 M € qual foi o montante de empréstimo que tivémos que pedir FMI/BCE/UE? 80.000 M €
-1|Quanto será que custou ao Páis a teimosia de Sócrates em não ter chamado antes o FMI - só em juros.... #Socrates incompetente
0|Quem o Abreu? RT @Joaogalamba Duvida: o Nilton que está a entrevistar a Passos Coelho é o mesmo Nilton que escreve no Albergue Espanhol?
-1|Rabbit, ao menos o Sócrates mente com convicção... tu até te engasgas...
0|Radar - Ajuda externa: Portugal vai ter de ir aos mercados financiar-se já em 2012 -- Passos Coelho:  http://bit.ly/jow9OD #fb
0|"Radar - Passos Coelho manifesta total comprometimento"" com objectivos do memorando:  http://bit.ly/l8jENp #fb"""
0|RT @5mnoite: O convidado do Alvim é...:  NADA MAIS, NADA MENOS DO QUE JOSÉ SÓCRATES !    O Primeiro Ministro de Portugal arra... http:// ...
0|RT @Adamastorlx: Socrates afirmou q n ia haver despedimentos. Teixeira dos Santos afirmou q taxa de desemprego nos proximos anos vai aos ...
-1|RT @AF_agencia: Troika contraria declarações de Sócrates:  http://bit.ly/jmCJc0
0|"RT @almaradona: precisamo de flexibilizar, mas não de liberalizar"": pedro passos coelho disse isto, sem que o questionassem"""
1|RT @Amsguimaraes: Esta entrevista de Pero Passos Coelho na RTP2 é uma chatice para quem o quiser criticar, está impecável.
-1|"RT @AnaRitaGuerra: Para virgem ofendida no PEC IV, o Pedro Passos Coelho está muito avançadex. Já assina"" acordos no 5 para a meia-noite."""
-1|RT @Antmend: Depois das declarações da Troika, ainda estou para ver Sócrates anunciar que a culpa de um resgate tão tardio foi da oposiç ...
0|"RT @antonioproa: #PPC Portugal é como quem sonhou que ganhou o euromilhões e gastou-o todo""  Pedro Passos Coelho"""
-1|RT @apdeites: Disclaimer: eu nunca disse que Sócrates é atrasado mental. Ninguém pode sofrer de deficiência ou patologia daquilo que é...
0|RT @apombalivre: #apombalivre: PS (José Sócrates) - 36% PSD (Pedro Passos Coelho) - 35% Marktest Abril http://tiny.cc/ztipy #FMI #Troika
-1|RT @Berrador: RT @_susanalmeida_: Mas como é que ainda há gente que acredita no Sócrates ? Não é normal isto !!!
-1|RT @bytoke RT @omalestafeito: Passos Coelho parecia que estava a tentar fazer um puzzle com berlindes
0|RT @bytoke: E Pedro começa por dizer q o aumento da dívida é culpa de Sócrates. Ver, os factos, aqui: http://twitpic.com/4no403
-1|RT @bytoke: E Pedro Passos Coelho avança para mais uma mentira: o congelamento das pensões mais baixas. Em directo, p/ todo o país, na RTP1.
-1|RT @bytoke: Segundo PPC, Sócrates também terá feito subir a dívida de Espanha. E de Itália. E da França. E da Alemanha. E da Zona Euro.
-1|"RT @carlosnlopes: Quanto nos custou a teimosia incompetente de Sócrates? RT @mmamsfpa: Repetir até exaustão: Portugal deveria ter pedid ..."""
0|RT @CDSPP: Portas anuncia apoio ao plano da troika às 20h40- Economia - Jornal de negócios online http://t.co/NgJxknI
0|"RT @CDSPP: se a ajuda tivese sido pedida mais cedo, teríamos provavlemnte menores juros e melhores condições"" - Paulo Portas"""
-1|RT @CienAoNatural: Se Sócrates, nos últimos 6 anos, tivesse passado mais tempo a trabalhar e menos a propagandear-se talvez o país n est ...
-1|"RT @CienAoNatural: Soares: Sócrates ""tardou a reconhecer a crise global""   http://bit.ly/j5sGB6"""
0|RT @corporacoes: Pergunta simples ©: Se o leitor fosse dirigente laranja, que atitude tomaria se tivesse ouvido Passos Coelho a d... htt ...
-1|"RT @diogocavaleiro: Fez declarações parecidas com esta?"" Mas Passos Coelho não viu as mesmas declarações que eu?"""
-1|RT @DiogoCMoreira: José Gomes Ferreira na SICN a tentar passar a imagem que a Troika foram marionetas nas mãos do Temível Sócrates. Espa ...
-1|RT @dita_dura: O Passos Coelho é a única pessoa do mundo que pode dividir por zero.
0|"RT @ExpressoOnline: Ajuda externa: Passos Coelho manifesta total comprometimento"" com objetivos do memorando http://ow.ly/1cvmHT"""
0|RT @ExpressoOnline: Ajuda externa: Portugal vai ter de ir aos mercados financiar-se já em 2012 -- Passos Coelho http://ow.ly/1cuyDX
0|RT @ExpressoOnline: Eleições: Passos Coelho admite reduzir número de deputados para 181 http://ow.ly/1cuJXe
-1|RT @FantasmaTioBin: O governo utilizou a clássica técnica good cop/bad coop (Sócrates/Teixeira) para anunciar as medidas da TROIKA ao povo
-1|RT @FatimaRD: Marcelino e Vaz não conseguem falar de Passos Coelho da forma como esteve à vista: hesitante, desnorteado. Para isto serve ...
-1|RT @fcancio: ahahahahahah RT @bytoke: RT @omalestafeito: depois desta entrevista, cheira-me que o Passos Coelho é a próxima cara do Lico ...
-1|RT @fcancio: eheheheh RT @joaomhenrique: José Sócrates decide não divulgar fotos de Passos Coelho, morto politicamente ontem na operação ...
0|RT @fcancio: mamma mia RT @margvs: Passos Coelho estará em entrevista, daqui a pouco, a explicar q, ao contrário de Portas, ainda ñ...
-1|"RT @FernandaFreitas: E sexta, Sócrates vai ao prog do Nicolau breyner... Por este andar teremos a troika no conta-me como foi"" ou assim..."""
-1|RT @filipelib: Sócrates, o herdeiro toxicodependente http://oinsurgente.org/2011/05/05/o-fmi-e-a-metadona-europeia/
0|RT @franciscoamaral: A SIC está com uma linha abertamente anti Sócrates, pró-PSD e ... benfiquista ...
-1|RT @horacioazevedo: Ler: Sócrates: Mentir, propaganda, mentir, propaganda com a ajuda dos jornalistas-amigos http://j.mp/ligwZF #blogues
0|RT @jbarlavento: José Sócrates apresenta candidatos do PS na sexta-feira em Portimão http://bit.ly/mLk69f
-1|RT @JBastoSobreira: LOOOOOLLLLLLLL RT @dputamadre: #ILoveSocrates more :) - http://f-se.blogspot.com/2011/05/f-se-cartas-socrates-2-as-m ...
0|RT @jccosta64: Amanhã no #5meianoite o José Sócrates entrevista o @fernandoalvim
0|RT @JNegocios: Passos Coelho admite reduzir número de deputados para 181  http://xl.pt/r/kSiDfC
-1|"RT @joaomhenrique José Sócrates decide não divulgar fotos de Passos Coelho, morto politicamente ontem na operação Troika""."""
-1|RT @joaovale: Erros graves do Passos Coelho: (1) criticar sem propor, (2) falar em medo e n projectar confiança. Mas não há um conselhei ...
-1|RT @josemaugusto: Recovering Portugal OS,please wait.. █████████░░░░░░░░░░░░░░ 33% DONE Repairing failed. Socrates rootkit virus found.  ...
-1|RT @kamponez: RT @Peliteiro: Nunca vi ninguém tão descaradamente vigarista como o Sócrates.
-1|RT @manuelparreira: Acabaram as balas. RT @ppmascarenhas: @Dputamadre Então o Sócrates não tinha acabado com os pobres?
-1|RT @margvs: RT @DiogoCMoreira: José Gomes Ferreira a tentar passar imagem q aTroika foram marionetas nas mãos do Temível Sócrates.Espantoso!
-1|RT @mariomtteixeira: Pedro Passos Coelho tem de por mais tabaco
-1|RT @mmamsfpa: Quanto foi divida criada p/ governo PS/Sócrates? 80.000 M € qual foi o montante de empréstimo que tivémos que pedir FMI/BC ...
-1|RT @nelsonpatriarca RT @omalestafeito depois desta entrevista, cheira-me que o Passos Coelho é a próxima cara do Licor Beirão
-1|"RT @niltoncomedy: É tudo à grande"" com o nosso Primeiro Ministro José Sócrates. http://fb.me/YuJEyALp"""
-1|RT @NunoCarlos: olha o Passos Coelho a dizer que é um sofredor Benfiquista, já está a sonhar com 6 milhões... somos grandes... Carreg...
0|"RT @nunonsantos O pacote traçado pelo FMI é a agenda liberal"" que Sócrates apontava ao PSD e o oposto defendido pelo PS http://j.mp/kbHJg2"""
-1|RT @nunonsantos: 4. Ao dizerem que PT deveria ter pedido ajuda mais cedo, desmontam a mais absurda das mentiras de Sócrates sob… (cont)  ...
-1|rt @omalestafeito depois desta entrevista, cheira-me que o Passos Coelho é a próxima cara do Licor Beirão
-1|RT @omalestafeito: Passos Coelho alertou a troika para não se deixar enganar pelo governo - e para ter cuidado com a malta da Emel
-1|RT @omalestafeito: Passos Coelho parecia que estava a tentar fazer um puzzle com berlindes
-1|RT @paulopedroso: Já explicou a Passos Coelho pqê? RT @NewsPortugal: [Sol] Catroga defende não-privatização da Caixa Geral de Depósitos  ...
0|RT @PauloQuerido: Basílio Horta: É de grande gravidade se Pedro Passos Coelho for primeiro-ministro (@JNegocios) http://t.co/ruh7jOu
1|RT @pedro_sales: ainda anuncia o programa no preço certo RT @margvs: olha, pedro passos coelho acaba de revelar q vai assinar o acordo n ...
-1|RT @pedro_sales: paulo futre na tvi, passos coelho na rtp. estranhamente, o discurso do primeiro é mais inteligível.
-1|"RT @pedro_sales: uma pessoa até fica cansada só de ouvir as coisas que o paulo portas conseguiu"". curiosamente, são todas as que o dist ..."""
-1|RT @Peliteiro: Nunca vi ninguém tão descaradamente vigarista como o Sócrates.
0|RT @Peliteiro: Se ganhasse, Sócrates seguiria o programa de Governo do PS ou o da Troika?
-1|RT @pfigas: RT @omalestafeito: depois desta entrevista, cheira-me que o Passos Coelho é a próxima cara do Licor Beirão
0|RT @ppdpsd: Passos Coelho reúne com investidores estrangeiros em Londres http://ow.ly/1cvtcl
0|RT @Publico: Sócrates garante que Alqueva vai ficar terminado em 2013 http://publico.pt/1492867
-1|RT @tiagoant: Passos Coelho quer 1 mix de politicas. Ao faze-lo, envia mixed messages ao eleitorado e deixa-o c/ mixed feelings.
-1|"RT @TMorais: Não resisto a partilhar esta: Qual a diferença entre Teixeira dos Santos e a mulher de Pedro Passos Coelho? Ela disse ""Fel ..."""
-1|RT @trainmaniac: Cada vez que oiço Sócrates sinto-me tentado a oferecer-me para colar cartazes do PSD. E nunca votei no PSD
0|RTPn continua com Paulo Portas..
0|"se a ajuda tivese sido pedida mais cedo, teríamos provavlemnte menores juros e melhores condições"" - Paulo Portas"""
-1|Se este país fosse composto maioritariamente por gente séria, as declarações da «troika» significariam a morte de Sócrates, homem político.
0|"Se fosse Sócrates a fazer o anúncio de apoio ao memo de entendimento"" num programa como o ""5 para a 1/2 noite"" o que se não diria!"""
0|Se ganhasse, Sócrates seguiria o programa de Governo do PS ou o da Troika?
-1|Se o PSD pretender mudar de hino, sugiro a Pedro Passos Coelho, já que gosta de mixes, que considere esta hipótese: http://bit.ly/lpbxhk
-1|Se Sócrates, nos últimos 6 anos, tivesse passado mais tempo a trabalhar e menos a propagandear-se talvez o país n estivesse tão mal.
-1|Segundo PPC, Sócrates também terá feito subir a dívida de Espanha. E de Itália. E da França. E da Alemanha. E da Zona Euro.
-1|Será que não pode haver uma lapiz azul para censurar as asneiras que Sócrates debita?
0|"Silva Pereira diz que líder do PSD disse sim"" ao acordo em programa humorístico - TSF http://t.co/medYJ3z"""
0|"Silva Pereira diz que líder do PSD disse sim"" ao acordo em programa humorístico: O ministro da Presidência afir... http://bit.ly/j2IFes"""
-1|"Soares: Sócrates ""tardou a reconhecer a crise global""   http://bit.ly/j5sGB6"""
-1|"Soares: Sócrates ""tardou a reconhecer a crise global"" - ""Esse atraso do Governo (...) foi grave para Portugal"", def... http://ow.ly/1cv3bG"""
0|"Sobre uma nova etapa que se aproxima, deixo uma citação de Sócrates (não o nosso"", mas o da Grécia antiga): ""Uma vida sem desafios não va…"""
-1|Sócrates 4ever. Um homem que nunca se engana só pode mesmo ser o nosso salvador. Sócrates, és o meu herói #andthisismebeingtotallysarcastic
-1|"Sócrates a 20/3: Não governo com o FMI"". http://j.mp/hxRKSB E agora???"""
0|Sócrates diz que acordo pode ser início da recuperação http://dlvr.it/QfLWp
0|Sócrates diz que acordo pode ser início da recuperação: José Sócrates apela ao fim dos discursos negativistas...... http://bit.ly/mqJ2qQ
0|Sócrates diz que é um homem 'sentimental' -  http://t.co/r6MoPDp
0|"Sócrates diz que haverá \tempo de falar\"" sobre declarações de elementos da \""troika\"": O primeiro-ministro, Jo... http://bit.ly/mIvSQU"""
0|Sócrates e a mudança de discurso sobre o FMI http://nblo.gs/hsLMQ
-1|socrates é a versão tuga dos senhores do mundo, ele já foi visto por relvas em lhasa às 100 e em s bento às 10:30 , ai pois
-1|Sócrates e as más notícias http://nblo.gs/hskaO
0|Sócrates e o socialismo: Portugal pagou o preço que tinha de pagar. E, ao contrário do que diz Francisco Assis, ... http://bit.ly/lz5z6W
0|Sócrates esperava 'grandeza na política': O secretário-geral do Partido Socialista disse ontem que esperava «gra... http://bit.ly/lp6H9D
0|Sócrates garante que Alqueva vai ficar terminado em 2013 http://publico.pt/1492867
-1|"Sócrates Perdido na Selva"" RT @ChicodeOeiras: e o passos no biggest looser RT @jccosta64: A Troika vai é a… (cont) http://deck.ly/~gRhJL"""
-1|Socrates também ludibriou o #FMI ....aparecem cortes nos DIREITOS e obrigações p/todos menos para “elles”, exc… (cont) http://deck.ly/~Y1MHY
-1|Sócrates tem uma lata ... #negativismo #novaatitude ...
-1|Sócrates teve de montar uma enorme farsa porque sabia que o que a «troika» tinha a dizer significava o reconhecimento do seu mau governo.
0|Sócrates tira Teixeira dos Santos da cama, que não queria apresentar o acordo: se no orçamentos foi o que se sabe, imaginem o atraso hoje
-1|Sócrates: Mentir, propaganda, mentir, propaganda com a ajuda dos jornalistas-amigos
-1|Sócrates: no fundo o FMI deu as mesmas propostas que o PEC 4... pois so que o PEC 4 não dava 74 mil milhoes de euros...palhaço
-1|"Sofre de ir-ao-potite"" aguda @PACabral: 'Antes de eu mandar na RTP' -Passos Coelho anunciou ontem o seu programa para a comunicacao social"""
-1|Subscrevo essa previsão. RT @vidademigalhas: Previsão: O Pedro Passos Coelho vai continuar a viver em Massamá.
0|Subsistemas de saúde: Creio que foi em 2007 que o governo de Sócrates, alegando a necessidade de reduzir custos ... http://bit.ly/lGkPX8
1|Tal como diz Passos Coelho, as grandes questões prendem-se com a falta de honestidade e de competência do actual desGoverno.
-1|"Tenho 2 amigos FB q gostam"" de Paulo Portas, #medo"""
1|Tive que mudar para a RTPN para continuar a ouvir Portas sobre o assunto mais importante da década para o nosso país. #mediafail
-1|Tivemos uma avaliação externa à qualidade de governação de José Sócrates. Eles acabam de confirmar que o Governo não prestou.
-1|Torturar gordos com bolo de chocolate???? Fdx eu a pensar que se tinha batido no fundo na tv com as entrevistas de Sócrates!!
-1|Troika contraria declarações de Sócrates:  http://bit.ly/jmCJc0
-1|TROIKA diz que as medidas poderiam ser mais suaves se governo tem chamado o FMI mais cedo, aogra digam, E NINGUEM VAI PRESO? #Socrates
-1|Troika vs Sócrates ahahahahahahahahahahahahahahahahahahahahahahahahahahahahahahahahahhahahahahahahahaahahahahahahahahahahahahahahahahahahaha
0|Tudo farei para que esta seja a última vez que Portugal pede ajuda nas actuais condições - Paulo Portas
-1|Uiiiii... já estou mesmo a ver.... para quem é este dinheiro??? É para o Sócrates?? 10%
0|Ultimas -  Passos Coelho hoje na City de Londres - Económico: A Bola Passos Coelho hoje na… http://goo.gl/fb/OOimd
0|Um Cruzeiro Com Sócrates http://flpbd.it/wqdB
-1|"uma pessoa até fica cansada só de ouvir as coisas que o paulo portas conseguiu"". curiosamente, são todas as que o distanciam do psd"""
-1|Uma tristeza os comentários dos afiançados do Socrates sobre PPC, lamentável mesmo, enfim...
0|Vai demitir o Sócrates RT @JMF1957 RT @TSFRadio: Cavaco faz sexta-feira comunicação ao país:
-1|Vale e Azevedo, talvez?  RT @RuiCostaPinto: RT @Peliteiro: Nunca vi ninguém tão descaradamente vigarista como o Sócrates.
0|"Vamos lá ouvir o homem @arqmarcio: Passos Coelho em directo na rtp1"""""
0|Vão investir no partido? RT @ppdpsd Passos Coelho reúne com investidores estrangeiros em Londres http://ow.ly/1cvtcl
-1|venho o porshe amarelo! :)))“@omalestafeito: depois desta entrevista, cheira-me que o Passos Coelho é a próxima cara do Licor Beirão”
1|Ver PPC na TV e depois ver o outro boneco comandado pelo Luis  é o branco e o preto na honestidade politica. Parabens Pedro Passos Coelho.
0|Via Facebook:: FONTE Filed under: eleições legislativas 2011, política nacional Tagged: dívida, ps, sócrates    ... http://bit.ly/lWzW5D
-1|Viva o Socrates. Obrigado Socrates. Publico:Pedir ajuda mais cedo poderia ter suavizado algumas medidas http://publico.pt/1492818
-1|Vou pedir um destes ao #FMI... Pelo menos vou tentar, se o Sócrates conseguiu endromina-los talvez eu tb consiga! http://yfrog.com/hsdhcuej
1|XD RT @pedromamede: Passos Coelho entrou bem no #5meianoite ... #rtp2
-1|Xiii... combinações secretas, comissões clandestinas, backstabbings... Passos Coelho escrever o argumento do Bourne Troika.
